id,MusicAccess,MusicAccessNo,Age,Gender,Ethnicity,Nationality,Sample,MARS1_1,MARS2_1,MARS3_1,MARS4_1,MARS5_1,MARS6_1,MARS7_1,MARS8_1,MARS9_1,MARS10_1,MARS11_1,MARS12_1,MARS13_1,MARS14_1,MARS15_1,POMSDSF1_1,POMSDSF2_1,POMSDSF3_1,POMSDSF4_1,POMSDSF5_1,POMSDSF6_1,POMSDSF7_1,POMSDSF8_1,Sadness_MIP,MIP_timing_3,POMSDSF1_2,POMSDSF2_2,POMSDSF3_2,POMSDSF4_2,POMSDSF5_2,POMSDSF6_2,POMSDSF7_2,POMSDSF8_2,Condition,Cond_Control,Control_timing_3,Cond_Chet,Chet_timing_3,Cond_SelfSelected,Cond_SS_Instructions,Cond_SS_Timer_3,SelfSelected_Song1,SelfSelected_Song2,track_name,artist_name,album_name,track_popularity,danceability,energy,key,loudness,mode,speechiness,acousticness,instrumentalness,liveness,valence,tempo,duration_ms,time_signature,key_mode,POMSDSF1_3,POMSDSF2_3,POMSDSF3_3,POMSDSF4_3,POMSDSF5_3,POMSDSF6_3,POMSDSF7_3,POMSDSF8_3,MusicInfo4_1,RRQ1_1,RRQ2_1,RRQ3_1,RRQ4_1,RRQ5_1,RRQ6_1,RRQ7_1,RRQ8_1,RRQ9_1,RRQ10_1,RRQ11_1,RRQ12_1,RRQ13_1,RRQ14_1,RRQ15_1,RRQ16_1,RRQ17_1,RRQ18_1,RRQ19_1,RRQ20_1,RRQ21_1,RRQ22_1,RRQ23_1,RRQ24_1
1,1, ,18,0,1,South African,1,6,6,5,1,2,6,7,6,5,2,7,5,1,4,7,0,0,0,0,0,0,0,0,1,317.638,2,1,0,0,0,0,0,0,1,1,282.775, , , , , , , ,NA,NA,NA,NA,NA,NA,NA,NA,NA,NA,NA,NA,NA,NA,NA,NA,NA,NA,0,0,0,0,0,0,0,0, ,4,4,2,3,1,5,2,2,4,4,2,2,1,2,5,4,1,5,4,1,5,4,4,1
2,1, ,23,1,1,Australian,2,5,5,2,2,4,5,4,4,4,3,5,5,2,4,4,2,2,1,0,0,1,0,0,1,21.932,1,1,0,0,0,0,0,0,1,1,34.353, , , , , , , ,NA,NA,NA,NA,NA,NA,NA,NA,NA,NA,NA,NA,NA,NA,NA,NA,NA,NA,1,1,1,1,1,1,0,0, ,4,5,5,5,4,1,5,5,1,2,4,4,3,3,3,4,2,4,3,2,4,2,3,2
3,1, ,21,1,1,Australian,2,7,6,3,3,2,6,5,6,4,1,4,6,2,5,7,2,2,2,1,2,3,3,2,1,73.623,2,2,2,2,1,1,2,3,1,1,136.1, , , , , , , ,NA,NA,NA,NA,NA,NA,NA,NA,NA,NA,NA,NA,NA,NA,NA,NA,NA,NA,1,1,1,2,2,1,2,1, ,5,5,5,5,5,1,5,5,1,1,5,5,3,3,3,3,4,2,2,3,3,2,3,3
4,1, ,19,1,3,Iranian,1,6,6,2,5,1,5,7,6,6,2,6,6,2,4,6,1,1,1,2,2,1,1,1,1,304.35,3,4,3,3,2,2,3,2,1,1,281.921, , , , , , , ,NA,NA,NA,NA,NA,NA,NA,NA,NA,NA,NA,NA,NA,NA,NA,NA,NA,NA,4,2,1,3,3,3,3,3, ,3,5,4,5,4,2,5,5,2,2,4,4,2,3,4,4,2,4,4,2,4,4,4,2
5,1, ,18,0,1,Australian,2,4,5,3,3,4,5,5,4,5,1,4,4,3,2,5,1,1,1,0,1,0,0,0,1,305.043,2,1,1,0,0,1,1,0,1,1,296.295, , , , , , , ,NA,NA,NA,NA,NA,NA,NA,NA,NA,NA,NA,NA,NA,NA,NA,NA,NA,NA,3,0,0,1,0,0,1,1, ,4,2,3,4,4,2,4,4,2,3,4,4,1,4,4,4,1,5,4,1,4,4,4,3
6,1, ,20,0,1,Australian,2,4,5,2,3,2,5,5,2,5,2,5,5,4,4,5,1,1,1,0,0,0,0,0,1,305.414,2,2,2,1,1,2,1,0,1,1,284.304, , , , , , , ,NA,NA,NA,NA,NA,NA,NA,NA,NA,NA,NA,NA,NA,NA,NA,NA,NA,NA,2,2,1,0,0,1,1,1, ,4,4,4,4,4,2,4,4,2,3,4,3,1,2,4,5,1,5,4,1,4,5,4,1
7,1, ,22,1,5,Australian,2,5,6,1,4,7,6,6,6,4,1,5,6,2,4,7,0,1,0,0,0,0,0,0,1,306.07,3,4,2,1,1,1,0,0,1,1,416.705, , , , , , , ,NA,NA,NA,NA,NA,NA,NA,NA,NA,NA,NA,NA,NA,NA,NA,NA,NA,NA,0,0,0,0,0,0,0,0, ,3,4,4,4,2,2,2,4,4,2,3,3,4,2,4,5,2,5,5,2,5,4,4,2
8,1, ,22,0,1,Australian,2,5,5,1,2,3,7,6,5,4,4,2,6,3,4,5,0,0,0,2,0,0,0,1,1,306.647,1,1,0,0,0,0,0,0,1,1,284.994, , , , , , , ,NA,NA,NA,NA,NA,NA,NA,NA,NA,NA,NA,NA,NA,NA,NA,NA,NA,NA,0,0,0,0,0,0,0,0, ,3,5,5,5,5,1,5,5,1,1,5,5,1,4,2,3,2,3,3,2,3,2,3,4
9,1, ,18,0,2,Srilankan,1,6,5,3,2,6,5,4,5,5,3,5,4,3,3,4,1,1,1,0,0,0,1,0,1,306.79,0,1,1,1,0,0,1,0,1,1,283.069, , , , , , , ,NA,NA,NA,NA,NA,NA,NA,NA,NA,NA,NA,NA,NA,NA,NA,NA,NA,NA,0,0,0,0,0,0,0,0, ,2,4,4,4,3,2,4,4,2,2,4,4,4,4,2,2,3,3,2,3,3,2,2,3
10,1, ,20,0,2,Kazakh,1,5,4,2,4,3,4,5,4,4,3,3,4,4,4,4,0,0,0,0,0,0,0,0,1,309.417,1,2,2,0,0,1,0,0,1,1,299.761, , , , , , , ,NA,NA,NA,NA,NA,NA,NA,NA,NA,NA,NA,NA,NA,NA,NA,NA,NA,NA,1,0,0,0,0,0,0,0, ,3,4,3,4,3,2,4,4,3,2,3,3,3,3,4,3,2,4,3,2,3,3,4,3
11,1, ,18,0,1,Australian,1,6,6,2,2,3,6,5,5,6,2,5,5,2,1,5,0,0,1,1,1,0,1,0,1,310.233,1,1,1,0,1,0,1,0,1,1,307.029, , , , , , , ,NA,NA,NA,NA,NA,NA,NA,NA,NA,NA,NA,NA,NA,NA,NA,NA,NA,NA,0,1,1,1,0,0,1,0, ,2,2,2,4,2,4,2,2,4,4,2,2,3,2,4,4,2,4,2,3,3,2,2,3
12,1, ,19,0,1,Australian,1,6,6,2,2,3,6,5,5,6,1,3,5,3,3,4,0,0,0,0,0,0,0,0,1,310.299,2,3,1,1,1,1,0,0,1,1,297.186, , , , , , , ,NA,NA,NA,NA,NA,NA,NA,NA,NA,NA,NA,NA,NA,NA,NA,NA,NA,NA,1,0,1,0,0,0,0,0, ,4,2,4,4,2,2,4,4,2,2,4,2,1,4,3,4,2,4,3,2,4,2,4,2
13,1, ,19,1,1,Australian,1,7,4,4,2,4,5,6,6,7,4,3,6,3,5,6,0,0,0,2,2,0,1,2,1,310.537,2,1,1,2,2,0,1,1,1,1,296.011, , , , , , , ,NA,NA,NA,NA,NA,NA,NA,NA,NA,NA,NA,NA,NA,NA,NA,NA,NA,NA,1,2,1,1,1,0,1,2, ,4,5,5,5,4,2,4,5,2,2,4,2,1,2,5,5,1,5,5,1,4,5,5,2
14,1, ,18,1,3,Australian,1,5,5,4,4,2,4,5,3,4,2,4,4,4,2,4,0,0,0,0,0,0,0,0,1,310.762,1,2,2,1,1,2,2,1,1,1,281.633, , , , , , , ,NA,NA,NA,NA,NA,NA,NA,NA,NA,NA,NA,NA,NA,NA,NA,NA,NA,NA,1,1,0,0,0,0,0,0, ,3,4,3,4,5,1,4,3,3,1,5,4,3,5,3,4,3,4,3,2,3,2,2,3
15,1, ,18,1,1,Australian,1,5,5,4,2,3,5,4,4,4,2,4,3,4,1,1,0,0,0,0,0,0,0,0,1,311.053,1,1,0,0,0,0,0,0,1,1,282.381, , , , , , , ,NA,NA,NA,NA,NA,NA,NA,NA,NA,NA,NA,NA,NA,NA,NA,NA,NA,NA,0,0,0,0,0,1,0,0, ,2,2,2,2,2,3,2,3,4,3,2,2,3,4,2,3,4,2,2,4,2,2,3,4
16,1, ,24,1,5,American,2,4,5,3,2,2,5,5,4,4,3,4,4,3,3,4,0,0,0,0,1,0,0,0,1,311.441,0,1,0,0,1,0,0,0,1,1,299.583, , , , , , , ,NA,NA,NA,NA,NA,NA,NA,NA,NA,NA,NA,NA,NA,NA,NA,NA,NA,NA,0,0,0,0,0,0,0,0, ,2,2,2,4,2,4,4,4,4,4,2,2,4,4,2,2,3,4,2,3,3,3,2,4
17,1, ,21,1,5,Japanese-Australian,2,5,5,2,2,3,5,4,4,5,2,5,4,3,4,5,1,0,1,0,2,0,1,0,1,312.723,3,4,4,4,3,3,3,2,1,1,319.737, , , , , , , ,NA,NA,NA,NA,NA,NA,NA,NA,NA,NA,NA,NA,NA,NA,NA,NA,NA,NA,1,1,1,0,1,1,1,0, ,4,5,5,5,5,2,5,5,4,2,4,5,2,3,3,2,2,2,3,3,2,4,4,3
18,1, ,19,1,1,Australian,1,5,6,3,4,4,4,6,4,4,2,5,5,1,4,5,0,0,0,0,0,0,0,0,1,312.847,2,3,2,1,1,0,1,0,1,1,293.396, , , , , , , ,NA,NA,NA,NA,NA,NA,NA,NA,NA,NA,NA,NA,NA,NA,NA,NA,NA,NA,0,0,0,0,0,0,0,0, ,4,4,4,4,4,3,5,4,2,2,3,3,3,3,3,3,2,2,2,2,3,3,2,4
19,1, ,23,0,1,Australian,2,5,5,2,4,1,4,5,4,5,2,5,5,3,3,6,1,0,0,1,1,0,1,1,1,314.53,1,0,0,1,1,0,1,0,1,1,306.188, , , , , , , ,NA,NA,NA,NA,NA,NA,NA,NA,NA,NA,NA,NA,NA,NA,NA,NA,NA,NA,1,0,0,1,0,0,0,1, ,4,4,4,4,4,2,4,4,2,4,4,4,2,2,4,4,2,4,3,2,4,3,4,2
20,1, ,25,0,1,Australian,1,2,6,3,2,2,4,4,2,5,2,2,4,3,2,4,0,0,0,0,0,0,0,0,1,314.977,1,1,0,0,0,1,0,0,1,1,292.096, , , , , , , ,NA,NA,NA,NA,NA,NA,NA,NA,NA,NA,NA,NA,NA,NA,NA,NA,NA,NA,0,1,0,0,0,0,0,0, ,3,5,3,5,4,2,4,5,4,2,4,2,2,4,2,2,2,4,3,2,4,2,2,2
22,1, ,25,1,1,Australian,1,6,6,3,1,4,6,6,6,7,1,6,5,3,1,4,0,1,1,0,0,0,0,0,1,315.801,1,2,2,0,0,0,0,0,1,1,301.939, , , , , , , ,NA,NA,NA,NA,NA,NA,NA,NA,NA,NA,NA,NA,NA,NA,NA,NA,NA,NA,0,0,1,0,0,0,0,0, ,2,3,2,5,4,2,4,4,2,2,3,3,2,2,3,3,2,3,3,2,3,3,2,3
24,1, ,21,1,2,Australian,2,4,5,2,1,4,5,5,4,5,1,4,4,2,4,5,0,0,0,0,0,0,0,0,1,315.955,1,3,2,0,0,0,0,0,1,1,305.153, , , , , , , ,NA,NA,NA,NA,NA,NA,NA,NA,NA,NA,NA,NA,NA,NA,NA,NA,NA,NA,0,0,0,0,0,0,0,0, ,2,2,4,4,4,2,4,4,2,2,2,2,2,4,4,4,2,2,2,2,2,2,2,4
25,1, ,19,0,2,Australian,1,5,5,2,4,1,5,5,4,5,1,3,5,5,4,5,0,0,1,0,0,0,0,0,1,316.162,0,1,1,0,0,1,0,0,1,1,283.779, , , , , , , ,NA,NA,NA,NA,NA,NA,NA,NA,NA,NA,NA,NA,NA,NA,NA,NA,NA,NA,1,1,1,0,0,1,0,0, ,5,4,4,4,4,1,4,4,1,1,5,5,3,1,3,4,1,4,4,1,4,3,3,3
26,1, ,22,1,2,Chinese,1,7,5,2,6,4,7,7,6,6,2,6,6,2,5,7,0,0,1,0,0,0,0,0,1,316.575,3,3,3,4,3,3,4,2,1,1,299.77, , , , , , , ,NA,NA,NA,NA,NA,NA,NA,NA,NA,NA,NA,NA,NA,NA,NA,NA,NA,NA,2,1,2,2,2,1,1,0, ,4,4,4,4,5,2,4,4,2,2,4,4,4,2,4,4,2,4,4,1,4,4,4,3
27,1, ,22,1,1,Greek/Australian,2,6,6,2,2,2,6,6,5,4,1,5,6,2,4,6,1,1,1,1,2,0,1,0,1,317.07,3,3,2,0,0,0,0,0,1,1,308.423, , , , , , , ,NA,NA,NA,NA,NA,NA,NA,NA,NA,NA,NA,NA,NA,NA,NA,NA,NA,NA,1,1,1,0,1,0,0,0, ,4,4,3,4,4,2,4,4,2,2,4,4,3,2,3,3,2,3,2,3,4,4,3,3
29,1, ,21,0,2,New Zealand,1,7,7,1,1,1,6,6,6,7,2,4,6,3,4,7,2,1,0,1,0,0,1,0,1,317.907,1,2,1,0,0,0,1,0,1,1,282.659, , , , , , , ,NA,NA,NA,NA,NA,NA,NA,NA,NA,NA,NA,NA,NA,NA,NA,NA,NA,NA,0,0,0,0,0,0,0,0, ,4,5,4,4,4,2,4,4,4,2,4,3,2,4,4,4,2,4,5,2,4,2,4,2
31,1, ,18,0,1,Australian,1,5,4,2,2,4,4,5,5,5,3,3,6,3,2,5,0,0,1,0,1,0,0,0,1,318.627,1,2,1,0,0,0,0,0,1,1,290.328, , , , , , , ,NA,NA,NA,NA,NA,NA,NA,NA,NA,NA,NA,NA,NA,NA,NA,NA,NA,NA,0,0,0,0,0,0,0,0, ,4,4,4,4,4,2,5,4,2,1,3,3,2,2,3,4,2,2,4,2,2,3,4,4
32,1, ,18,1,1,Australian,1,6,6,4,3,2,7,5,5,6,2,6,4,2,4,4,0,0,0,0,1,0,0,0,1,319.525,0,1,0,0,0,0,0,0,1,1,295.442, , , , , , , ,NA,NA,NA,NA,NA,NA,NA,NA,NA,NA,NA,NA,NA,NA,NA,NA,NA,NA,1,0,0,0,0,1,0,0, ,2,3,2,2,4,3,4,4,3,2,2,3,4,3,2,3,3,1,3,3,3,2,1,4
33,1, ,20,0,1,Australian,1,7,7,2,1,4,6,6,6,6,2,5,5,2,1,7,1,0,1,0,0,0,1,0,1,320.133,1,2,1,0,0,0,0,0,1,1,297.276, , , , , , , ,NA,NA,NA,NA,NA,NA,NA,NA,NA,NA,NA,NA,NA,NA,NA,NA,NA,NA,1,0,1,0,0,0,0,0, ,4,4,5,4,4,2,1,4,2,2,4,2,1,2,2,2,4,2,4,2,4,4,2,5
34,1, ,18,1,1,Australian,1,7,4,1,1,1,7,6,6,7,2,6,7,1,4,6,1,0,0,0,0,0,0,0,1,321.127,4,4,3,1,1,3,1,1,1,1,299.178, , , , , , , ,NA,NA,NA,NA,NA,NA,NA,NA,NA,NA,NA,NA,NA,NA,NA,NA,NA,NA,0,0,0,0,3,0,0,0, ,4,4,4,5,3,2,4,4,2,1,4,4,1,4,5,5,2,5,5,1,4,4,4,2
35,1, ,21,1,2,Indian,1,6,5,2,2,3,6,5,4,5,2,6,3,4,3,4,2,2,1,2,1,1,1,2,1,322.838,2,4,3,1,1,1,2,1,1,1,334.105, , , , , , , ,NA,NA,NA,NA,NA,NA,NA,NA,NA,NA,NA,NA,NA,NA,NA,NA,NA,NA,1,2,2,1,1,1,2,1, ,4,5,4,5,4,2,4,4,2,3,4,3,3,3,4,3,2,3,3,3,4,4,3,4
36,1, ,20,1,2,Singaporean,1,4,4,3,3,2,5,5,5,5,3,4,4,4,2,4,1,1,1,1,1,1,1,1,1,322.966,2,2,1,1,1,1,1,1,1,1,302.517, , , , , , , ,NA,NA,NA,NA,NA,NA,NA,NA,NA,NA,NA,NA,NA,NA,NA,NA,NA,NA,1,1,1,1,1,1,1,1, ,4,4,4,4,4,2,4,4,2,2,4,4,4,4,3,3,3,4,3,2,3,3,2,3
37,1, ,21,0,5,Ecuadorian,1,6,5,1,2,1,7,6,5,6,2,4,7,2,2,7,0,0,1,1,0,0,0,0,1,323.275,2,1,1,0,1,0,0,0,1,1,282.943, , , , , , , ,NA,NA,NA,NA,NA,NA,NA,NA,NA,NA,NA,NA,NA,NA,NA,NA,NA,NA,1,1,0,0,1,0,0,0, ,1,2,3,3,2,2,3,4,4,4,3,1,1,3,3,4,3,4,3,2,4,4,3,3
38,1, ,18,1,1,South African,1,6,5,3,1,5,7,6,4,7,2,5,4,2,2,7,0,0,1,0,0,0,0,0,1,325.525,1,0,1,0,1,0,0,0,1,1,295.242, , , , , , , ,NA,NA,NA,NA,NA,NA,NA,NA,NA,NA,NA,NA,NA,NA,NA,NA,NA,NA,0,0,1,0,0,0,0,0, ,4,4,4,5,4,2,3,2,3,5,3,2,3,3,3,4,2,2,2,2,3,1,1,4
40,1, ,18,1,1,Australian,1,5,5,3,1,4,6,6,5,5,2,4,4,3,3,4,0,0,0,0,0,0,0,0,1,326.707,2,2,2,0,1,1,0,0,1,1,303.82, , , , , , , ,NA,NA,NA,NA,NA,NA,NA,NA,NA,NA,NA,NA,NA,NA,NA,NA,NA,NA,0,0,0,0,0,0,0,0, ,3,4,4,5,4,2,4,4,3,2,2,3,2,2,4,4,3,5,3,3,4,4,3,3
43,1, ,21,0,1,Australian,2,6,5,2,2,4,5,5,4,2,1,4,5,3,4,5,0,0,1,0,0,0,0,1,1,331.158,1,2,1,1,0,1,2,1,1,1,315.206, , , , , , , ,NA,NA,NA,NA,NA,NA,NA,NA,NA,NA,NA,NA,NA,NA,NA,NA,NA,NA,1,1,0,0,1,0,0,0, ,4,4,4,5,4,4,4,2,2,2,4,4,1,2,4,4,2,2,4,2,4,4,4,3
44,1, ,22,1,5,Australian,2,5,6,2,1,4,5,6,5,1,2,5,5,4,3,4,1,0,1,1,1,1,1,2,1,331.96,1,2,1,1,0,0,0,0,1,1,283.5, , , , , , , ,NA,NA,NA,NA,NA,NA,NA,NA,NA,NA,NA,NA,NA,NA,NA,NA,NA,NA,2,1,1,1,1,1,1,1, ,4,3,3,3,3,3,4,4,3,3,3,3,2,2,5,5,1,5,3,1,4,4,4,1
45,1, ,22,0,5,Ecuadorian,2,5,6,2,5,1,6,7,7,7,1,7,7,1,4,5,1,1,1,3,2,0,1,0,1,341.205,2,1,1,0,0,0,0,0,1,1,301.005, , , , , , , ,NA,NA,NA,NA,NA,NA,NA,NA,NA,NA,NA,NA,NA,NA,NA,NA,NA,NA,0,0,0,0,0,0,0,0, ,2,4,2,4,3,3,4,4,4,2,2,2,1,2,5,5,1,4,4,2,4,3,4,2
47,1, ,23,0,2,South Korean,1,4,5,3,2,5,5,5,5,4,3,2,5,2,4,5,1,2,2,1,1,1,1,1,1,346.909,2,3,2,2,1,1,1,2,1,1,298.394, , , , , , , ,NA,NA,NA,NA,NA,NA,NA,NA,NA,NA,NA,NA,NA,NA,NA,NA,NA,NA,2,2,2,2,2,1,1,1, ,4,4,3,2,2,4,4,2,4,4,2,2,2,2,4,2,2,2,4,3,4,4,4,3
48,1, ,18,1,2,Australian,1,6,6,4,5,3,6,5,4,6,2,6,4,5,2,6,0,0,0,0,0,0,0,0,1,352.408,2,2,2,1,1,1,1,1,1,1,294.221, , , , , , , ,NA,NA,NA,NA,NA,NA,NA,NA,NA,NA,NA,NA,NA,NA,NA,NA,NA,NA,0,0,0,0,0,0,0,0, ,2,3,2,4,3,3,4,4,3,2,2,2,1,3,4,5,2,5,3,2,4,4,4,2
49,1, ,19,1,1,Australian,1,5,6,2,1,4,5,6,5,5,1,4,5,2,1,4,2,0,0,1,1,0,0,0,1,378.096,3,4,3,0,0,0,0,0,1,1,296.747, , , , , , , ,NA,NA,NA,NA,NA,NA,NA,NA,NA,NA,NA,NA,NA,NA,NA,NA,NA,NA,0,0,0,0,0,0,0,0, ,4,4,4,4,4,2,4,4,2,2,4,4,3,4,3,4,3,3,3,2,4,2,2,3
50,1, ,18,0,1,Australian,2,6,4,2,3,4,5,5,6,7,3,6,5,3,2,5,2,2,2,2,1,1,2,2,1,457.767,2,2,2,2,2,2,2,2,1,1,282.056, , , , , , , ,NA,NA,NA,NA,NA,NA,NA,NA,NA,NA,NA,NA,NA,NA,NA,NA,NA,NA,2,2,2,2,2,1,2,2, ,5,5,5,5,5,2,5,5,2,2,5,5,2,5,3,5,2,5,2,3,5,2,3,3
51,1, ,21,0,1,Australian,2,5,5,3,3,4,5,5,4,5,3,4,4,4,3,5,1,1,0,1,1,0,0,0,1,631.768,1,1,2,0,0,1,0,0,1,1,321.745, , , , , , , ,NA,NA,NA,NA,NA,NA,NA,NA,NA,NA,NA,NA,NA,NA,NA,NA,NA,NA,1,1,0,0,0,0,0,0, ,4,4,4,3,3,3,4,4,3,3,2,4,2,3,3,3,2,2,3,3,3,4,4,3
52,1, ,20,0,1,Australian,2,6,6,2,1,1,6,6,5,7,1,4,5,2,2,6,1,0,0,0,1,0,0,1,1,198.72,1,2,2,0,0,1,0,0,2, , ,2,122.038, , , , , ,NA,NA,NA,NA,NA,NA,NA,NA,NA,NA,NA,NA,NA,NA,NA,NA,NA,NA,1,2,2,0,0,1,0,1, ,3,3,4,4,4,2,4,4,2,3,4,3,2,4,3,4,2,2,4,2,3,2,3,3
53,1, ,22,1,1,Australian,2,4,6,3,2,4,7,5,6,6,3,5,6,2,6,6,1,1,1,0,0,0,0,0,1,212.226,3,3,3,2,3,3,2,2,2, , ,2,34.985, , , , , ,NA,NA,NA,NA,NA,NA,NA,NA,NA,NA,NA,NA,NA,NA,NA,NA,NA,NA,3,3,3,3,3,3,2,2, ,5,4,4,4,4,2,4,4,2,2,5,4,1,4,3,5,2,5,4,1,4,4,5,2
55,1, ,22,0,1,Australian,1,5,5,2,1,2,4,4,5,3,2,4,4,1,1,4,0,0,0,0,0,0,0,0,1,302.395,0,0,0,0,0,0,0,0,2, , ,2,283.375, , , , , ,NA,NA,NA,NA,NA,NA,NA,NA,NA,NA,NA,NA,NA,NA,NA,NA,NA,NA,1,0,0,0,0,0,0,0,4,2,2,2,5,5,1,5,5,1,2,5,5,3,5,3,4,3,3,2,3,4,4,3,4
56,1, ,20,0,1,Aus,1,6,6,2,2,2,5,5,6,6,2,6,6,3,5,6,0,1,1,0,1,0,0,0,1,306.695,1,2,2,2,2,2,1,1,2, , ,2,292.991, , , , , ,NA,NA,NA,NA,NA,NA,NA,NA,NA,NA,NA,NA,NA,NA,NA,NA,NA,NA,1,1,1,1,1,0,1,0,4,4,4,4,4,3,4,4,4,4,3,3,3,2,2,5,4,2,4,4,2,4,4,4,2
57,1, ,18,0,1,Australian,1,6,6,2,2,2,6,6,6,2,2,6,6,2,2,4,0,0,0,0,0,0,0,0,1,306.807,1,1,0,1,2,1,0,0,2, , ,2,283.64, , , , , ,NA,NA,NA,NA,NA,NA,NA,NA,NA,NA,NA,NA,NA,NA,NA,NA,NA,NA,1,1,1,2,1,2,1,2,5,4,4,3,4,4,2,2,4,2,1,4,4,3,3,2,2,3,3,3,4,3,3,2,3
58,1, ,19,1,2,China,1,5,5,2,3,3,4,5,5,4,2,4,4,5,3,4,1,0,1,0,0,0,0,0,1,307.067,1,1,1,0,0,0,1,0,2, , ,2,294.626, , , , , ,NA,NA,NA,NA,NA,NA,NA,NA,NA,NA,NA,NA,NA,NA,NA,NA,NA,NA,1,1,0,0,0,0,0,0,4,4,3,3,4,4,2,4,4,3,2,3,3,2,3,2,4,3,3,2,2,3,3,3,3
59,1, ,23,1,1,Australian,2,6,6,2,1,2,5,5,6,6,1,5,5,1,5,5,0,0,0,0,0,0,0,0,1,307.835,2,3,1,1,0,0,1,0,2, , ,2,305.863, , , , , ,NA,NA,NA,NA,NA,NA,NA,NA,NA,NA,NA,NA,NA,NA,NA,NA,NA,NA,2,3,1,1,0,1,0,0,5,3,4,4,4,4,1,4,4,2,3,4,3,3,3,3,4,2,4,3,2,4,3,3,3
60,1, ,19,1,1,Australian,1,5,4,2,1,3,6,7,5,5,1,3,5,1,4,5,0,0,0,0,0,0,0,0,1,308.542,3,4,3,0,1,3,3,0,2, , ,2,295.674, , , , , ,NA,NA,NA,NA,NA,NA,NA,NA,NA,NA,NA,NA,NA,NA,NA,NA,NA,NA,1,1,1,0,0,2,0,0,4,4,4,4,4,3,3,2,4,2,2,4,1,1,1,4,5,2,4,4,2,5,5,4,2
61,1, ,23,0,1,Australian,2,4,4,3,4,2,4,4,4,4,1,4,4,3,2,4,0,0,0,0,0,0,0,0,1,309.426,3,3,3,1,2,1,1,0,2, , ,2,294.523, , , , , ,NA,NA,NA,NA,NA,NA,NA,NA,NA,NA,NA,NA,NA,NA,NA,NA,NA,NA,0,2,2,0,0,0,0,0, ,2,3,5,4,3,3,4,4,3,2,3,4,2,2,4,5,1,4,3,1,4,5,5,1
62,1, ,18,1,1,Australian,1,6,5,3,1,2,5,5,5,5,2,4,5,2,1,2,0,0,0,0,0,0,0,0,1,309.915,0,1,1,0,0,0,0,0,2, , ,2,281.569, , , , , ,NA,NA,NA,NA,NA,NA,NA,NA,NA,NA,NA,NA,NA,NA,NA,NA,NA,NA,1,0,0,0,1,0,0,0,4,4,4,3,3,4,3,4,4,3,3,3,4,4,4,2,3,3,2,3,4,4,3,3,4
63,1, ,18,0,1,Australian,1,6,6,3,1,4,5,6,5,4,3,4,6,1,4,5,1,0,0,1,1,0,0,0,1,310.548,3,4,3,2,1,0,0,0,2, , ,2,280.749, , , , , ,NA,NA,NA,NA,NA,NA,NA,NA,NA,NA,NA,NA,NA,NA,NA,NA,NA,NA,3,3,4,3,3,3,2,1,5,4,4,4,4,4,2,4,5,2,1,4,3,1,4,4,3,3,2,2,3,4,3,4,3
64,1, ,20,1,1,Australian,2,2,4,7,4,3,5,5,4,5,4,4,3,5,2,4,0,0,0,1,1,0,1,2,1,310.735,1,1,1,2,1,1,2,2,2, , ,2,299.972, , , , , ,NA,NA,NA,NA,NA,NA,NA,NA,NA,NA,NA,NA,NA,NA,NA,NA,NA,NA,1,1,0,0,0,0,1,1,4,4,4,4,5,4,2,4,4,2,2,4,4,2,4,2,3,3,4,2,3,5,4,2,4
65,1, ,18,0,1,English,1,5,6,2,2,2,5,5,5,5,2,4,5,3,2,4,1,0,0,0,0,0,0,0,1,310.812,2,3,2,1,2,1,2,1,2, , ,2,297.441, , , , , ,NA,NA,NA,NA,NA,NA,NA,NA,NA,NA,NA,NA,NA,NA,NA,NA,NA,NA,2,3,3,3,3,2,3,3,5,3,2,2,4,4,2,4,4,2,3,4,4,2,3,4,4,2,3,3,2,4,3,2,4
66,1, ,20,1,1,Australian,2,4,5,5,2,2,4,5,4,3,1,6,4,3,2,5,2,1,2,0,1,0,0,0,1,311.237,3,2,2,0,1,1,0,0,2, , ,2,155.897, , , , , ,NA,NA,NA,NA,NA,NA,NA,NA,NA,NA,NA,NA,NA,NA,NA,NA,NA,NA,3,3,3,1,1,0,0,0, ,4,2,4,4,4,2,3,3,2,1,2,3,1,2,4,4,2,3,4,2,4,5,4,3
67,1, ,19,1,1,Australian,1,5,5,3,4,3,5,4,5,4,2,4,5,6,3,6,0,0,1,0,0,1,0,0,1,311.365,1,2,1,0,0,1,0,0,2, , ,2,293.09, , , , , ,NA,NA,NA,NA,NA,NA,NA,NA,NA,NA,NA,NA,NA,NA,NA,NA,NA,NA,0,0,1,0,0,0,0,0,4,4,4,4,4,5,1,4,4,1,1,4,4,2,1,4,4,2,5,4,1,4,5,4,2
70,1, ,19,1,2,Hong Kong,1,5,7,1,3,6,7,7,4,4,4,5,4,4,6,6,0,0,0,0,0,0,0,0,1,313.936,2,3,2,1,1,2,1,1,2, , ,2,285.074, , , , , ,NA,NA,NA,NA,NA,NA,NA,NA,NA,NA,NA,NA,NA,NA,NA,NA,NA,NA,1,2,1,0,0,0,0,0,4,2,3,5,4,3,2,5,5,3,1,3,4,3,4,4,4,2,4,4,1,3,5,4,3
71,1, ,18,1,1,Australian,2,7,5,2,2,2,5,6,5,5,2,5,7,2,4,5,0,1,0,1,0,0,0,0,1,314.358,3,4,1,0,1,2,0,1,2, , ,2,474.857, , , , , ,NA,NA,NA,NA,NA,NA,NA,NA,NA,NA,NA,NA,NA,NA,NA,NA,NA,NA,0,1,0,0,0,0,1,0,2,5,5,5,5,5,2,4,4,2,2,4,4,2,2,4,4,2,4,4,2,4,4,4,4
72,1, ,18,0,1,Australia,1,6,5,2,3,4,5,5,5,6,4,5,5,3,6,5,0,0,0,0,0,0,1,0,1,314.407,1,2,2,1,2,1,2,0,2, , ,2,299.138, , , , , ,NA,NA,NA,NA,NA,NA,NA,NA,NA,NA,NA,NA,NA,NA,NA,NA,NA,NA,2,2,3,2,2,1,2,0,4,4,4,4,4,4,2,5,4,2,3,4,4,2,2,4,4,2,4,4,2,4,4,4,2
73,1, ,24,1,1,Australian,2,7,5,2,1,1,6,6,6,6,1,6,6,1,4,5,0,0,0,0,0,0,0,0,1,314.416,2,2,2,1,1,1,2,1,2, , ,2,282.135, , , , , ,NA,NA,NA,NA,NA,NA,NA,NA,NA,NA,NA,NA,NA,NA,NA,NA,NA,NA,0,0,0,0,0,0,0,0,4,1,4,4,4,4,1,4,5,4,3,4,1,1,2,5,5,1,5,3,1,5,5,5,1
74,1, ,21,0,2,Australian,1,4,5,2,1,2,4,4,4,2,1,4,5,3,1,4,1,0,0,0,0,0,0,0,1,314.587,1,2,1,0,0,0,1,0,2, , ,2,289.897, , , , , ,NA,NA,NA,NA,NA,NA,NA,NA,NA,NA,NA,NA,NA,NA,NA,NA,NA,NA,1,1,1,0,1,0,0,0,4,3,5,4,5,5,1,5,5,2,2,3,4,3,4,3,3,1,5,3,2,5,3,2,5
75,1, ,23,1,1,Norwegian,1,7,6,1,1,3,7,6,6,4,2,5,5,2,4,6,0,0,0,0,1,0,0,0,1,314.849,0,1,1,0,0,0,0,0,2, , ,2,301.694, , , , , ,NA,NA,NA,NA,NA,NA,NA,NA,NA,NA,NA,NA,NA,NA,NA,NA,NA,NA,0,1,1,0,0,0,0,0,4,4,4,4,4,4,2,4,4,2,3,4,4,1,4,3,4,2,3,3,2,4,4,4,3
76,1, ,23,1,1,French,1,4,6,3,2,2,6,5,4,3,1,5,3,2,1,4,0,0,0,0,0,0,0,0,1,315.924,2,1,1,0,1,0,0,0,2, , ,2,294.786, , , , , ,NA,NA,NA,NA,NA,NA,NA,NA,NA,NA,NA,NA,NA,NA,NA,NA,NA,NA,0,1,2,0,0,0,0,0,4,2,2,4,3,1,4,3,4,4,4,2,2,3,4,3,3,4,2,2,4,2,2,2,4
77,1, ,21,1,1,Australian,2,6,6,2,4,5,7,4,4,2,1,6,5,3,4,6,4,2,3,2,4,1,4,3,1,317.881,4,4,3,4,2,2,3,3,2, , ,2,297.72, , , , , ,NA,NA,NA,NA,NA,NA,NA,NA,NA,NA,NA,NA,NA,NA,NA,NA,NA,NA,4,2,2,2,3,2,3,2,4,5,5,5,5,5,1,5,5,1,1,5,5,2,3,3,3,2,2,4,2,3,5,5,3
78,1, ,20,1,1,Australian,1,4,5,2,2,2,5,4,3,5,2,5,4,2,2,2,0,0,0,0,0,0,0,0,1,320.207,1,1,1,0,0,0,0,0,2, , ,2,283.423, , , , , ,NA,NA,NA,NA,NA,NA,NA,NA,NA,NA,NA,NA,NA,NA,NA,NA,NA,NA,1,1,1,1,0,0,0,0,3,4,4,4,4,4,2,4,4,2,2,4,4,3,4,2,2,3,3,2,3,3,2,2,3
79,1, ,25,1,1,Australia,1,4,5,1,3,4,6,4,5,4,3,5,4,4,5,7,1,0,0,0,1,0,0,0,1,320.385,4,4,0,0,0,1,0,0,2, , ,2,294.869, , , , , ,NA,NA,NA,NA,NA,NA,NA,NA,NA,NA,NA,NA,NA,NA,NA,NA,NA,NA,1,1,0,0,0,0,0,0,3,4,3,5,5,4,4,3,4,2,2,4,3,2,4,4,4,2,4,4,2,3,4,4,2
80,1, ,18,1,2,thai,1,6,5,4,5,5,6,6,5,5,4,2,4,3,3,3,0,0,1,0,0,0,0,0,1,321.361,2,2,1,1,2,1,3,0,2, , ,2,292.309, , , , , ,NA,NA,NA,NA,NA,NA,NA,NA,NA,NA,NA,NA,NA,NA,NA,NA,NA,NA,0,1,1,0,1,0,0,0,4,4,4,5,5,4,2,4,5,2,2,4,4,4,4,3,2,2,4,4,2,3,2,2,4
82,1, ,22,1,1,australian,1,6,4,2,2,5,4,6,5,4,2,4,4,3,2,4,1,0,0,1,1,0,0,0,1,321.572,2,3,2,1,1,1,1,0,2, , ,2,298.645, , , , , ,NA,NA,NA,NA,NA,NA,NA,NA,NA,NA,NA,NA,NA,NA,NA,NA,NA,NA,0,0,1,0,0,0,0,0,3,3,2,4,2,2,4,3,4,4,3,2,2,2,2,3,4,2,3,3,2,4,4,4,2
83,1, ,21,1,1,Australian,2,7,5,1,1,4,7,6,6,7,2,7,5,2,2,5,0,0,0,0,0,0,0,0,1,321.74,0,0,0,0,0,0,0,0,2, , ,2,302.369, , , , , ,NA,NA,NA,NA,NA,NA,NA,NA,NA,NA,NA,NA,NA,NA,NA,NA,NA,NA,0,0,1,0,0,0,0,0, ,4,5,5,5,5,1,5,5,5,1,5,5,2,4,5,5,1,5,4,1,5,5,5,4
84,1, ,18,0,1,Australian,1,6,6,2,2,2,7,6,6,4,3,5,4,2,2,4,1,1,1,1,1,1,1,1,1,322.986,1,1,2,2,2,2,1,2,2, , ,2,294.006, , , , , ,NA,NA,NA,NA,NA,NA,NA,NA,NA,NA,NA,NA,NA,NA,NA,NA,NA,NA,2,2,1,2,1,1,2,2,4,3,4,4,3,4,2,4,4,2,3,3,3,3,5,3,3,3,3,3,3,3,3,2,2
85,1, ,21,1,1,Ecuadorian,1,6,6,2,2,2,6,6,6,6,2,7,6,3,2,6,2,1,1,1,0,0,1,1,1,323.22,3,3,2,1,1,0,1,1,2, , ,2,296.09, , , , , ,NA,NA,NA,NA,NA,NA,NA,NA,NA,NA,NA,NA,NA,NA,NA,NA,NA,NA,2,2,2,1,0,0,1,1,4,2,4,4,4,4,2,4,4,3,2,3,4,3,2,4,4,2,4,4,2,3,4,4,3
86,1, ,18,1,2,South Korean,1,6,7,1,4,4,7,6,7,7,2,4,7,4,6,6,0,0,1,0,0,0,0,0,1,325.876,1,3,2,1,0,0,1,1,2, , ,2,296.95, , , , , ,NA,NA,NA,NA,NA,NA,NA,NA,NA,NA,NA,NA,NA,NA,NA,NA,NA,NA,1,1,2,1,2,0,2,1,4,3,4,4,4,5,1,4,5,1,4,4,2,2,1,4,4,1,3,5,1,3,5,5,3
87,1, ,18,1,2,Chinese,1,7,5,3,4,4,5,5,5,5,4,3,4,4,3,5,0,0,0,0,0,0,0,0,1,326.122,1,2,1,1,0,1,0,0,2, , ,2,299.98, , , , , ,NA,NA,NA,NA,NA,NA,NA,NA,NA,NA,NA,NA,NA,NA,NA,NA,NA,NA,1,1,2,0,0,0,0,0,4,4,4,4,4,3,2,4,5,4,2,2,2,2,2,4,4,2,4,3,1,4,4,4,3
88,1, ,21,1,2,Chinese,1,4,7,2,6,1,7,7,7,7,1,5,7,2,4,7,0,0,0,0,0,0,0,0,1,326.655,1,3,0,1,1,0,1,0,2, , ,2,293.548, , , , , ,NA,NA,NA,NA,NA,NA,NA,NA,NA,NA,NA,NA,NA,NA,NA,NA,NA,NA,1,2,2,0,0,0,0,0,4,4,4,4,4,3,2,4,4,2,2,4,3,2,2,4,4,2,4,4,2,4,4,4,2
89,1, ,19,1,1,Australian-British,1,6,5,2,1,4,7,5,5,5,2,5,4,1,5,3,2,2,2,3,3,3,1,0,1,330.739,2,1,0,0,1,1,0,0,2, , ,2,281.662, , , , , ,NA,NA,NA,NA,NA,NA,NA,NA,NA,NA,NA,NA,NA,NA,NA,NA,NA,NA,1,1,0,0,0,1,0,0,4,3,4,5,5,5,1,5,5,1,1,4,4,4,4,3,3,3,1,1,4,2,2,1,3
90,1, ,21,0,1,Australian,1,6,5,3,7,2,5,5,5,5,2,4,4,3,2,4,1,0,0,0,1,1,0,0,1,331.442,1,1,1,0,0,0,0,0,2, , ,2,296.448, , , , , ,NA,NA,NA,NA,NA,NA,NA,NA,NA,NA,NA,NA,NA,NA,NA,NA,NA,NA,2,0,1,0,1,0,0,0,5,2,2,2,3,3,3,3,4,3,2,2,2,3,3,3,3,2,3,3,2,4,3,3,3
91,1, ,18,1,1,Australian,1,4,4,3,2,5,5,5,5,5,4,4,4,4,2,5,1,0,2,2,2,0,1,1,1,332.029,2,2,2,2,2,1,3,1,2, , ,2,292.733, , , , , ,NA,NA,NA,NA,NA,NA,NA,NA,NA,NA,NA,NA,NA,NA,NA,NA,NA,NA,1,1,2,1,1,1,1,1,3,4,5,4,5,5,2,5,4,2,1,4,5,3,4,3,2,2,3,4,4,2,2,2,4
92,1, ,19,1,2,Bruneian,1,5,4,2,2,4,4,4,4,4,3,4,4,4,3,3,0,0,1,1,1,0,1,1,1,334.468,3,3,2,1,1,1,1,1,2, , ,2,290.766, , , , , ,NA,NA,NA,NA,NA,NA,NA,NA,NA,NA,NA,NA,NA,NA,NA,NA,NA,NA,1,0,1,1,0,0,1,1,4,4,3,3,4,4,2,4,4,2,2,3,4,2,2,3,3,2,4,3,2,3,4,4,3
93,1, ,19,1,1,Australian,1,6,6,3,2,2,6,5,5,5,2,5,5,4,4,4,1,0,0,0,1,1,0,0,1,344.706,3,3,3,3,3,3,3,2,2, , ,2,294.844, , , , , ,NA,NA,NA,NA,NA,NA,NA,NA,NA,NA,NA,NA,NA,NA,NA,NA,NA,NA,1,1,1,1,1,1,1,1,4,4,4,4,4,4,2,5,4,4,2,4,4,4,4,4,4,2,4,3,2,4,4,3,4
95,1, ,21,0,1,Australian,2,5,6,2,4,3,6,5,5,7,2,5,6,2,1,5,1,0,0,1,1,0,0,2,1,351.043,2,3,2,0,0,1,0,0,2, , ,2,304.164, , , , , ,NA,NA,NA,NA,NA,NA,NA,NA,NA,NA,NA,NA,NA,NA,NA,NA,NA,NA,1,2,1,0,0,1,0,0,4,5,5,4,5,4,3,4,5,2,3,2,3,4,4,1,2,4,2,1,3,3,3,2,5
96,1, ,25,0,1,Aus,2,2,4,3,3,4,4,3,3,4,4,2,3,4,2,4,3,3,3,4,2,4,3,4,1,351.449,3,3,3,4,3,4,3,4,2, , ,2,409.203, , , , , ,NA,NA,NA,NA,NA,NA,NA,NA,NA,NA,NA,NA,NA,NA,NA,NA,NA,NA,4,4,3,4,3,4,4,4,3,4,4,4,4,3,3,4,3,3,2,3,4,1,4,2,2,3,2,1,4,2,2,4,3
97,1, ,18,0,1,Australian,1,5,5,3,2,3,4,6,3,4,2,3,4,3,1,4,0,0,0,0,1,0,0,0,1,362.095,1,2,1,0,0,1,1,0,2, , ,2,295.313, , , , , ,NA,NA,NA,NA,NA,NA,NA,NA,NA,NA,NA,NA,NA,NA,NA,NA,NA,NA,1,1,1,0,0,0,1,0,4,2,4,4,4,2,3,4,4,2,2,3,2,2,2,3,3,2,4,3,2,3,3,3,4
98,1, ,21,0,1,Australian,2,4,5,3,2,2,4,5,2,1,2,2,3,2,1,4,1,0,0,0,0,0,0,0,1,383.973,1,1,0,0,1,1,0,0,2, , ,2,306.117, , , , , ,NA,NA,NA,NA,NA,NA,NA,NA,NA,NA,NA,NA,NA,NA,NA,NA,NA,NA,0,0,2,1,1,1,1,0, ,3,2,2,2,3,3,2,4,2,4,3,2,1,2,3,4,3,3,4,2,3,4,4,3
99,1, ,23,0,1,Australian,2,4,5,6,1,4,4,5,4,5,1,2,5,2,2,5,1,0,0,1,1,0,0,1,1,411.406,1,1,0,0,1,0,0,1,2, , ,2,297.191, , , , , ,NA,NA,NA,NA,NA,NA,NA,NA,NA,NA,NA,NA,NA,NA,NA,NA,NA,NA,1,0,0,0,1,0,0,1, ,2,4,3,2,2,3,3,3,3,3,4,3,2,4,2,4,2,4,2,2,4,3,3,4
103,1, ,18,0,1,Australian,2,4,6,3,5,2,4,6,5,6,1,5,5,3,4,5,0,0,1,0,0,0,0,1,1,298.991,1,1,1,1,0,0,0,0,3, , , , ,3,1,285.02,Your Song - Elton John,Hotel California - Eagles,Your Song,Elton John,Elton John,54,0.551,0.27,D#,-12.808,major,0.0326,0.851,7.04E-06,0.0966,0.289,128.221,244227,4,D# major,0,0,0,0,0,0,0,0,2,4,4,3,4,3,2,4,4,2,4,2,3,2,2,3,4,1,4,3,2,4,3,2,2
104,1, ,20,1,2,Chinese,1,6,6,3,4,5,5,6,4,5,2,5,5,6,4,5,1,1,1,2,2,1,1,1,1,302.27,3,3,3,3,3,2,2,3,3, , , , ,3,1,284.98,/,/,NA,NA,NA,NA,NA,NA,NA,NA,NA,NA,NA,NA,NA,NA,NA,NA,NA,NA,3,3,3,3,2,2,3,3,4,4,4,4,4,5,4,3,3,4,4,3,4,2,3,4,4,3,4,4,2,2,4,4,4
105,1, ,22,1,2,china,1,7,6,1,6,5,5,6,6,2,2,4,5,3,2,2,3,2,2,2,1,1,1,1,1,305.139,3,3,3,3,3,3,3,3,3, , , , ,3,1,284.999,Good boy-Bigbang,We like 2 party-Bigbang,NA,NA,NA,NA,NA,NA,NA,NA,NA,NA,NA,NA,NA,NA,NA,NA,NA,NA,0,0,0,0,0,0,0,0,2,4,4,4,2,4,2,2,4,4,3,3,3,3,3,4,4,2,4,4,2,4,4,4,4
106,1, ,18,0,1,Australian,1,5,7,3,2,6,5,7,6,6,2,5,4,2,2,6,0,0,0,1,1,0,1,0,1,305.176,1,2,1,0,1,1,0,0,3, , , , ,3,1,284.936,One more time- Daft Punk,CHVRCHES- Leave a trace,One More Time,Daft Punk,Discovery,73,0.611,0.697,D,-8.618,major,0.133,0.0193,0,0.332,0.476,122.752,320357,4,D major,1,0,0,0,1,0,0,0,2,4,5,5,5,5,2,4,4,2,2,3,1,3,3,3,4,4,4,3,1,3,3,3,1
107,1, ,20,1,1,Australian,1,6,6,1,1,4,7,6,6,6,1,7,5,2,4,6,3,1,3,0,3,0,0,2,1,308.182,2,4,3,3,3,2,2,2,3, , , , ,3,1,284.993,Bullshit - Dune Rats, ,Bullshit,Dune Rats,The Kids Will Know It's Bullshit,48,0.499,0.967,B,-6.476,major,0.105,9.19E-05,0,0.352,0.419,139.002,180581,4,B major,3,3,3,2,2,3,2,2,2,4,5,5,5,4,1,5,5,1,1,4,5,1,5,4,5,1,3,5,1,4,1,5,1
108,1, ,21,1,1,Australian,1,4,6,4,1,2,5,6,5,6,2,4,5,2,2,2,1,0,1,0,0,0,0,0,1,308.569,1,2,1,0,0,0,0,0,3, , , , ,3,1,285.002,Landslide - Fleetwood Mac,St Jude - Florence & The Machine,Landslide,Fleetwood Mac,Fleetwood Mac,72,0.414,0.161,G,-22.32,minor,0.0318,0.883,0.000223,0.117,0.423,159.375,199493,4,G minor,1,0,1,0,0,0,0,0,2,4,5,4,4,4,2,4,4,2,2,2,4,4,4,2,2,5,2,1,2,3,2,2,4
110,1, ,20,0,1,Australian,1,6,4,1,4,4,6,6,6,6,3,6,4,2,4,5,1,1,0,0,0,0,1,0,1,309.414,1,2,2,1,1,0,1,0,3, , , , ,3,1,285.007,Lullaby - Cat Empire, ,Lullaby,The Cat Empire,Two Shoes,35,0.621,0.7,C#,-8.196,major,0.0445,0.0477,0.000248,0.611,0.558,105.897,335093,4,C# major,0,0,0,0,0,0,0,0,1,4,4,4,4,4,2,4,5,2,2,4,3,1,3,4,5,2,4,3,2,4,4,3,4
112,1, ,21,1,1,Australian,2,7,6,1,1,4,5,5,5,5,2,4,5,2,5,6,0,0,0,0,0,0,0,0,1,309.883,2,3,1,1,1,0,1,0,3, , , , ,3,1,283.326,Stay Up Late - Talking Heads,Crocodiles - Echo and The Bunnymen,Stay Up Late - 2005 Remastered Version,Talking Heads,Little Creatures,35,0.596,0.679,B,-5.814,minor,0.0506,0.00789,0.000453,0.0321,0.91,111.272,223960,4,B minor,0,0,0,0,0,0,0,0,2,1,2,4,4,4,3,3,3,2,3,3,2,1,2,4,5,2,5,4,2,4,5,4,1
113,1, ,20,1,1,Australian,2,5,5,2,1,4,6,6,6,5,2,4,5,3,4,6,0,0,0,0,0,0,0,0,1,310.021,3,3,3,2,2,4,2,1,3, , , , ,3,1,285.18,Daydreaming- Radiohead,Decks Dark- Radiohead,Daydreaming,Radiohead,A Moon Shaped Pool,59,0.299,0.263,A,-13.207,minor,0.0323,0.968,0.857,0.126,0.113,137.848,384439,3,A minor,2,2,3,0,1,1,0,0,4,4,4,4,4,4,2,4,4,4,1,4,3,1,1,5,5,1,5,5,1,5,5,5,1
114,1, ,21,0,1,Australian,2,4,5,3,2,4,6,4,4,6,2,2,3,2,1,4,0,0,0,0,0,0,0,0,1,310.655,0,0,0,0,0,0,0,0,3, , , , ,3,1,285.004,Rebirth - Atlanta Awaits,Awake - Mutiny Within,Rebirth,Atlantis Awaits,Dying to Live,33,0.461,0.981,G,-2.932,minor,0.184,0.000544,4.21E-05,0.0524,0.435,164.95,223389,4,G minor,0,0,0,0,0,0,0,0,1,3,3,3,4,4,2,4,4,3,4,3,2,4,5,2,5,3,5,3,3,4,3,2,4
115,1, ,21,0,1,Australian,2,7,7,1,1,4,7,6,4,5,2,5,4,2,5,7,3,3,1,1,4,0,2,0,1,311.065,3,3,2,2,3,0,1,0,3, , , , ,3,1,31.237,Nothing But The Blood - All Sons & Daughters,Little Do You Know - Alex & Sierra,NA,NA,NA,NA,NA,NA,NA,NA,NA,NA,NA,NA,NA,NA,NA,NA,NA,NA,2,1,0,0,2,0,0,0,4,4,4,5,5,5,2,5,4,2,3,3,5,2,4,2,2,4,1,4,3,3,1,3,5
116,1, ,20,1,5,Australian,1,6,6,2,1,1,5,7,6,2,1,4,6,1,4,5,0,0,0,0,0,0,0,0,1,311.131,1,1,1,0,0,0,1,0,3, , , , ,3,1,285.009,Arsonists Lullaby- Hozier, ,Arsonist's Lullabye,Hozier,From Eden EP,60,0.463,0.373,F#,-10.666,minor,0.0362,0.673,0.0745,0.118,0.184,64.831,266547,4,F# minor,1,1,1,0,0,0,0,0,3,4,4,4,4,4,2,4,4,2,3,4,3,2,5,4,3,1,2,5,2,5,1,2,3
117,1, ,19,1,1,USA,1,5,6,3,2,3,5,5,5,5,3,5,5,4,5,5,1,1,1,0,0,0,0,0,1,311.316,2,3,2,1,2,1,1,0,3, , , , ,3,1,285.023,Fast Car - Tracy Chapman,Fred Astaire - San Cisco,Fast Car,Tracy Chapman,Tracy Chapman,76,0.711,0.292,E,-15.523,minor,0.037,0.313,0,0.131,0.194,103.951,296800,4,E minor,1,1,0,0,0,0,0,0,2,5,4,4,4,4,2,4,4,2,2,4,3,2,4,3,3,2,3,4,3,3,4,4,3
118,1, ,19,1,2,Australian,2,5,6,4,3,3,7,4,5,6,3,5,3,4,2,6,0,0,0,0,1,0,0,0,1,312.143,2,2,1,1,0,0,1,0,3, , , , ,3,1,285.004,Butterfly - Jason Mraz,Kimi no Shiranai Monogatari (Piano ver.) - Supercell,Butterfly,Jason Mraz,We Sing. We Dance. We Steal Things.,52,0.718,0.658,A#,-7.207,minor,0.0665,0.147,0,0.183,0.806,108.105,299067,4,A# minor,0,0,0,0,0,0,0,0,2,4,4,4,4,4,2,4,4,2,2,5,3,2,4,3,4,2,3,2,3,3,2,4,3
119,1, ,19,0,1, ,1,5,5,2,2,3,5,5,5,4,2,4,5,3,2,3,0,0,0,0,0,0,0,0,1,314.146,2,1,1,0,0,0,0,0,3, , , , ,3,1,285.019,Say it - Flume, ,Say It,Flume,Skin,57,0.597,0.531,D#,-6.83,minor,0.0295,0.0685,3.72E-06,0.0617,0.271,74.938,262521,4,D# minor,0,0,0,0,0,0,0,0,2,3,2,2,2,2,4,2,3,3,3,2,2,3,4,3,3,3,2,2,3,3,2,2,4
121,1, ,21,1,2,Singaporean,1,5,6,3,2,5,7,4,5,3,2,6,4,3,2,7,0,0,1,0,0,0,0,0,1,314.461,2,2,1,0,0,0,1,0,3, , , , ,3,1,285.004,No Promises-Shayne Ward, ,No Promises,Shayne Ward,Shayne Ward,47,0.506,0.496,E,-6.086,major,0.0257,0.529,0,0.123,0.198,79.81,223067,4,E major,1,1,2,0,0,0,0,0,4,2,4,3,5,3,3,4,4,4,4,3,1,5,5,1,4,5,3,1,4,5,2,3,4
122,1, ,22,1,1,Australian,1,5,5,3,2,4,4,5,4,4,2,2,4,3,4,5,1,1,1,1,2,1,2,1,1,314.47,1,1,0,1,1,0,0,1,3, , , , ,3,1,284.99,Keep the Streets Empty For Me - Fever Ray, ,Keep the Streets Empty For Me,Fever Ray,Fever Ray,43,0.584,0.288,A,-11.129,major,0.0307,0.782,0.891,0.0856,0.311,158.04,339707,4,A major,1,1,0,0,0,0,0,0,3,4,4,5,5,5,2,4,4,3,1,4,4,1,4,2,4,3,4,2,3,3,3,3,4
124,1, ,20,0,2,Sri Lankan,1,4,4,1,4,4,4,4,4,4,2,4,4,2,2,4,1,0,2,0,1,1,0,0,1,317.353,1,1,1,0,0,1,0,0,3, , , , ,3,1,284.992,Dani California - Red Hot Chili Peppers, ,Dani California,Red Hot Chili Peppers,Stadium Arcadium,74,0.553,0.865,A,-4.751,minor,0.0409,0.017,1.05E-05,0.267,0.735,96.161,283000,4,A minor,0,0,1,0,0,0,0,0,2,2,3,3,2,2,4,2,4,4,3,2,2,1,2,4,4,2,4,3,2,4,4,5,2
125,1, ,19,1,2,Australian,2,3,4,4,5,2,5,4,4,3,2,4,4,4,1,4,0,0,0,1,1,0,0,1,1,317.67,0,2,2,0,0,0,0,0,3, , , , ,3,1,285.06,Lean On (cover) - Christina Grimmie,Counting stars (cover) - Christina Grimmie,NA,NA,NA,NA,NA,NA,NA,NA,NA,NA,NA,NA,NA,NA,NA,NA,NA,NA,0,1,1,0,0,0,0,0,2,3,5,4,4,4,2,4,4,2,1,4,3,3,4,2,2,3,2,2,3,3,2,2,3
126,1, ,21,1,1,Australian,2,5,5,2,1,4,6,4,5,4,2,4,4,1,4,5,1,1,1,1,2,0,0,1,1,318.879,1,2,1,1,1,2,1,0,3, , , , ,3,1,285.031,Never stop - safety suit,Never stop - Wedding Version Cover,Never Stop,SafetySuit,These Times,39,0.361,0.704,E,-4.369,major,0.0317,0.00316,3.07E-06,0.102,0.222,145.054,215413,4,E major,1,1,0,0,0,0,0,0,3,5,5,5,5,5,1,5,5,1,2,5,5,3,3,3,4,2,4,3,2,4,4,4,4
127,1, ,18,0,1,australian,1,6,6,2,1,2,5,6,6,3,1,4,4,2,1,4,0,0,0,0,0,0,0,0,1,319.501,3,3,3,1,3,2,2,1,3, , , , ,3,1,284.991,ADHD- Kendrick lamar,Bitch dont kill my vibe - kendrick lamar,A.D.H.D,Kendrick Lamar,Section.80,69,0.609,0.799,A,-6.883,major,0.24,0.33,0,0.108,0.582,157.74,215509,4,A major,2,2,2,1,2,2,0,0,3,1,4,2,5,4,3,4,4,2,4,4,4,2,3,2,2,2,4,3,2,4,4,4,3
128,1, ,23,1,5,Australian,2,7,6,2,4,4,6,6,6,5,2,2,6,4,2,4,2,2,2,2,2,2,2,2,1,319.829,3,3,3,2,2,2,2,2,3, , , , ,3,1,285.031,Find me - Hyosung,I am the best - 2ne1,Find Me?,Jun Hyo Seong,Colored,34,0.66,0.914,F,-1.994,minor,0.0343,0.0236,0,0.134,0.647,124.024,190812,4,F minor,2,2,2,2,2,2,2,2,3,5,5,5,5,5,1,5,5,1,1,5,5,2,2,2,2,3,1,2,3,4,3,3,4
130,1, ,18,0,1,Australian,1,6,6,3,2,3,5,5,5,6,2,5,4,4,4,5,1,0,0,0,1,1,0,1,1,322.232,1,2,1,1,1,1,0,1,3, , , , ,3,1,285.025,Run - Leona Lewis, ,Run,Leona Lewis,Spirit,60,0.302,0.461,F,-6.166,minor,0.0292,0.43,5.61E-06,0.122,0.0932,142.434,314720,4,F minor,1,2,1,0,0,0,0,1,4,4,4,4,5,4,2,3,4,2,2,3,3,1,4,4,4,2,4,3,2,4,2,4,3
132,1, ,19,1,1,Australian,1,6,4,1,1,4,7,5,5,5,1,5,5,1,5,7,0,0,0,0,1,0,0,0,1,322.608,4,4,4,3,3,4,3,0,3, , , , ,3,1,285.049,I'm not the only one- Sam Smith,Pictures of You- The Cure,I'm Not The Only One,Sam Smith,In The Lonely Hour,80,0.677,0.485,F,-5.795,major,0.0361,0.529,2.04E-05,0.0766,0.493,82.001,239317,4,F major,3,3,4,2,3,3,3,0,5,4,4,4,4,4,2,4,4,2,1,4,4,2,4,2,3,3,4,4,2,4,2,3,3
133,1, ,18,1,5,Australian,1,6,7,2,1,2,6,6,6,4,1,6,3,1,3,5,1,0,0,0,1,0,0,0,1,323.535,2,2,2,0,1,0,1,0,3, , , , ,3,1,285.021,Jellyfish - Ocean Alley, ,Jellyfish,Ocean Alley,Lost Tropics,44,0.579,0.315,D,-9.483,minor,0.0294,0.893,0,0.0822,0.374,97.95,164426,4,D minor,0,0,0,0,0,0,0,0,2,2,4,4,4,4,2,4,4,2,2,4,3,2,2,4,4,2,4,4,2,4,4,4,4
134,1, ,19,0,1,Australian,1,4,5,3,4,3,4,5,4,5,3,2,5,3,2,4,0,0,0,0,0,0,0,0,1,324.152,1,1,1,0,0,0,1,0,3, , , , ,3,1,285.044,The Buzz - Hermitude,Jimmy Recard - Drapht,The Buzz,Hermitude,Dark Night Sweet Light,54,0.495,0.581,C,-6.481,minor,0.316,0.338,0.00502,0.288,0.46,83.02,222235,4,C minor,0,0,0,0,0,0,0,0,2,3,2,2,2,3,3,4,4,2,3,3,3,3,4,3,4,3,3,3,2,4,3,3,3
135,1, ,21,1,2,Malaysian,1,4,6,3,2,1,4,7,7,4,1,3,6,4,2,4,2,2,3,2,2,0,2,2,1,324.484,3,3,3,3,3,2,3,2,3, , , , ,3,1,283.334,7 years - Lukas Graham,One Call Away - Charlie Puth,7 Years,Lukas Graham,Lukas Graham,78,0.765,0.473,A#,-5.829,major,0.0514,0.287,0,0.391,0.34,119.992,237300,4,A# major,2,1,1,0,0,0,0,0,3,2,4,4,4,4,2,4,4,2,2,2,4,2,3,4,4,2,3,4,2,3,3,3,3
136,1, ,18,1,1,Australian,1,6,5,1,1,1,7,5,6,6,2,5,7,2,6,7,1,1,2,0,1,2,0,0,1,325.958,1,0,1,0,0,1,1,0,3, , , , ,3,1,284.11,Great Are You Lord - Casting Crowns,Live You're Loved - Hawk Nelson,Great Are You Lord - Live,Casting Crowns,A Live Worship Experience,48,0.411,0.412,G#,-6.869,major,0.0289,0.291,0,0.193,0.134,145.01,393120,3,G# major,0,0,1,0,0,1,0,0,3,4,4,3,2,4,2,3,5,1,2,4,3,2,3,2,2,3,4,2,4,3,5,3,5
137,1, ,18,0,1,Australian,1,7,6,2,2,2,7,6,5,6,1,6,6,2,4,6,0,0,0,1,1,0,2,0,1,326.214,0,3,1,2,1,0,2,0,3, , , , ,3,1,285.007,The Fault in our Stars - Troye Sivan,Someday soon - the trouble with templeton,The Fault in Our Stars,Troye Sivan,The Fault in Our Stars,62,0.481,0.179,D#,-21.424,major,0.109,0.613,2.84E-05,0.145,0.405,74.85,187195,4,D# major,0,2,1,0,0,0,1,0,5,4,4,4,3,5,3,4,4,2,1,5,4,3,3,2,4,2,4,3,2,3,3,2,3
138,1, ,19,1,2,Singaporean,1,4,5,4,1,2,5,5,4,3,1,4,6,6,1,3,0,0,0,0,0,0,0,0,1,326.615,0,2,1,0,0,1,0,0,3, , , , ,3,1,285.373,Ain't Your Mama - Jennifer Lopez, ,Ain't Your Mama,Jennifer Lopez,Ain't Your Mama,71,0.757,0.678,G#,-5.529,minor,0.233,0.0472,9.14E-06,0.0654,0.82,120.075,218235,4,G# minor,0,0,0,0,0,0,0,0,1,4,5,4,5,5,2,4,5,2,2,4,3,2,4,4,5,2,3,2,2,3,3,5,2
139,1, ,18,1,1,Australian,1,6,5,3,2,3,5,6,5,5,3,4,4,3,4,4,0,0,0,0,0,0,0,0,1,327.973,1,2,2,1,1,1,2,1,3, , , , ,3,1,285.018,Where You're At - Allen Stone, ,Where Youâ€™re At,Allen Stone,Radius (Deluxe Edition),33,0.625,0.636,C,-6.612,major,0.0404,0.148,0,0.201,0.573,140.002,159118,4,C major,1,2,2,1,1,1,1,0,3,4,5,5,4,4,2,4,4,2,1,3,5,3,4,2,4,3,2,3,3,4,2,2,5
140,1, ,20,1,2,Malaysian,1,5,4,1,4,3,6,5,7,5,1,4,7,2,7,7,1,1,1,0,0,0,0,0,1,328.053,3,3,3,0,1,1,0,0,3, , , , ,3,1,285.021,2am - Anna Nalick,Chasing Cars - Snow patrol,Breathe (2 AM),Anna Nalick,Wreck of the Day,61,0.386,0.452,D,-7.715,major,0.0278,0.417,0,0.0881,0.287,169.837,279827,3,D major,1,1,1,1,0,0,0,0,4,3,3,3,4,2,3,3,3,3,1,1,3,3,4,4,4,2,4,4,1,3,3,3,4
141,1, ,22,1,1,Australian,2,6,6,4,2,2,5,6,5,5,1,4,6,2,3,4,2,2,2,1,2,1,1,2,1,328.381,3,4,3,3,2,4,2,2,3, , , , ,3,1,284.992,"Me at the Museum, and You in the Wintergarden - Tiny Ruins",Straw Into Gold - Tiny Ruins,"Me At The Museum, You In The Wintergardens",Tiny Ruins,Brightly Painted One,25,0.365,0.251,G,-14.003,minor,0.0326,0.916,0.0151,0.106,0.223,89.999,155147,4,G minor,2,3,3,1,1,1,1,1,4,5,4,5,5,4,2,4,4,2,2,4,4,2,2,4,4,2,3,3,2,5,4,4,3
142,1, ,18,1,2,vietnamese,1,7,7,1,6,7,7,7,7,7,1,7,7,1,7,7,0,0,0,0,0,0,0,0,1,330.499,0,0,0,0,0,0,0,0,3, , , , ,3,1,285.018,I love you-Little Mix,Bed Rock-Young Money,I Love You,Little Mix,Get Weird (Deluxe),48,0.672,0.564,C,-5.818,major,0.0312,0.0983,0,0.115,0.378,99.979,249427,4,C major,0,0,0,0,0,0,0,0,1,1,1,1,5,5,1,3,3,3,5,3,5,5,1,3,3,3,2,2,2,2,2,2,2
143,1, ,18,0,5,Greek,1,5,5,3,2,3,5,6,6,6,2,4,5,3,2,5,0,0,0,0,0,0,0,0,1,335.311,3,3,3,3,3,3,3,2,3, , , , ,3,1,285.019,Chasing Cars - Snow Patrol, ,Chasing Cars,Snow Patrol,Eyes Open (International Package with bonus live tracks),72,0.56,0.595,A,-4.53,major,0.0274,0.199,6.47E-05,0.132,0.144,104.011,267960,4,A major,1,1,1,1,1,1,1,1,4,2,4,4,4,4,4,4,4,2,3,3,3,3,3,3,4,3,3,2,2,2,2,2,4
144,1, ,20,0,1,Australian,2,5,4,2,4,4,5,6,3,7,1,2,5,2,4,5,2,2,2,3,3,1,2,3,1,335.714,2,3,2,2,2,1,1,1,3, , , , ,3,1,285.051,Breathing in Stereo - Modern Baseball,What if - Modern Baseball,Breathing in Stereo,Modern Baseball,Holy Ghost,17,0.268,0.769,D,-6.206,major,0.0907,4.87E-05,1.31E-06,0.178,0.705,109.133,103306,3,D major,2,2,1,1,3,2,2,2,3,4,4,5,5,5,1,4,4,1,1,4,5,1,3,4,5,1,4,4,1,3,5,5,3
145,1, ,19,1,1,French,1,5,5,2,1,3,6,6,5,6,2,5,5,4,3,5,0,1,1,0,0,0,0,0,1,335.869,2,1,1,0,0,0,0,0,3, , , , ,3,1,284.992,En Cavale - Pomme, ,En cavale,Pomme,En cavale,31,0.593,0.392,B,-9.071,major,0.0347,0.677,0.00535,0.287,0.187,123.955,350287,4,B major,2,2,2,0,1,0,0,0,4,2,4,3,4,3,2,4,3,4,2,4,2,3,3,3,3,2,4,3,3,3,4,3,4
147,1, ,21,0,1,Australian,1,3,4,2,2,4,5,4,4,5,3,2,4,4,1,4,0,1,0,0,0,1,0,0,1,340.509,0,1,0,0,0,1,0,0,3, , , , ,3,1,285.021,O Fortuna - Seiji Ozawa,Fortune Plango Vulnera - Seiji Ozawa,Carmina Burana: O Fortuna,Carl Orff,Orff: Carmina burana,0,0.346,0.199,D,-19.307,minor,0.0306,0.638,0.00509,0.169,0.404,142.557,158427,4,D minor,0,1,0,0,0,1,0,0,3,2,4,4,4,4,3,2,2,3,3,2,3,1,4,2,4,3,3,5,3,2,4,3,4
148,1, ,20,0,2,Hong Kong,1,7,7,3,5,5,7,7,6,7,2,7,6,2,5,7,0,0,0,0,0,0,0,0,1,347.359,3,4,3,2,1,3,4,1,3, , , , ,3,1,285.71,Madness - Muse, ,Madness,Muse,The 2nd Law,68,0.502,0.417,A#,-7.665,major,0.0718,0.127,0.00419,0.106,0.218,180.301,281040,4,A# major,1,1,1,0,0,1,0,0,3,2,4,5,4,2,2,5,4,3,5,4,2,2,2,5,5,2,5,4,1,4,4,5,2
149,1, ,19,1,1,Australian,2,7,7,3,5,3,6,5,5,6,2,5,5,3,4,5,0,0,0,0,0,0,0,0,1,348.85,1,1,1,0,1,1,1,0,3, , , , ,3,1,285.015,Black Dress - Kisschasy, ,Black Dress,Kisschasy,United Paper People,25,0.361,0.343,B,-9.047,major,0.0325,0.837,0.000213,0.278,0.118,118.314,280680,4,B major,1,1,2,0,0,0,0,0,5,4,5,4,5,4,2,4,4,2,4,4,4,1,5,1,3,3,3,3,4,2,3,3,4
150,1, ,20,0,1,Australian,1,6,5,3,2,4,4,4,5,5,3,5,5,2,1,5,3,2,2,2,1,1,1,1,1,352.472,1,1,2,0,0,1,0,1,3, , , , ,3,1,285.023,Holy Roller - Thao,Eventually - Tame Impala,Holy Roller,Thao & The Get Down Stay Down,We the Common,30,0.73,0.59,C#,-6.26,minor,0.075,0.0759,0.000106,0.088,0.144,83.386,156147,4,C# minor,1,0,1,0,1,0,0,1,3,4,2,4,4,4,2,4,4,2,1,3,4,2,2,4,4,2,4,4,2,4,4,4,4
151,1, ,20,1,1,Australian,2,5,6,3,2,2,6,7,6,6,2,6,7,3,4,5,1,0,0,1,1,1,0,0,1,426.714,1,1,1,1,1,0,1,1,3, , , , ,3,1,283,Holocene - Bon Iver, ,Holocene,Bon Iver,Bon Iver,68,0.375,0.304,C#,-14.52,major,0.0302,0.943,0.303,0.126,0.147,147.989,336613,4,C# major,0,1,0,0,0,0,0,1,3,4,4,4,4,4,2,4,5,2,4,4,4,1,1,5,5,1,5,5,1,5,5,5,1