id,MusicAccess,MusicAccessNo,Age,Gender,Ethnicity,Nationality,Sample,MARS1_1,MARS2_1,MARS3_1,MARS4_1,MARS5_1,MARS6_1,MARS7_1,MARS8_1,MARS9_1,MARS10_1,MARS11_1,MARS12_1,MARS13_1,MARS14_1,MARS15_1,POMSDSF1_1,POMSDSF2_1,POMSDSF3_1,POMSDSF4_1,POMSDSF5_1,POMSDSF6_1,POMSDSF7_1,POMSDSF8_1,Sadness_MIP,MIP_timing_3,POMSDSF1_2,POMSDSF2_2,POMSDSF3_2,POMSDSF4_2,POMSDSF5_2,POMSDSF6_2,POMSDSF7_2,POMSDSF8_2,Condition,Cond_Control,Control_timing_3,Cond_Chet,Chet_timing_3,Cond_SelfSelected,Cond_SS_Instructions,Cond_SS_Timer_3,SelfSelected_Song1,SelfSelected_Song2,POMSDSF1_3,POMSDSF2_3,POMSDSF3_3,POMSDSF4_3,POMSDSF5_3,POMSDSF6_3,POMSDSF7_3,POMSDSF8_3,MusicInfo4_1,RRQ1_1,RRQ2_1,RRQ3_1,RRQ4_1,RRQ5_1,RRQ6_1,RRQ7_1,RRQ8_1,RRQ9_1,RRQ10_1,RRQ11_1,RRQ12_1
1,1, ,18,0,1,South African,1,6,6,5,1,2,6,7,6,5,2,7,5,1,4,7,0,0,0,0,0,0,0,0,1,317.638,2,1,0,0,0,0,0,0,1,1,282.775, , , , , , , ,0,0,0,0,0,0,0,0, ,4,4,2,3,1,5,2,2,4,4,2,2
2,1, ,23,1,1,Australian,2,5,5,2,2,4,5,4,4,4,3,5,5,2,4,4,2,2,1,0,0,1,0,0,1,21.932,1,1,0,0,0,0,0,0,1,1,34.353, , , , , , , ,1,1,1,1,1,1,0,0, ,4,5,5,5,4,1,5,5,1,2,4,4
3,1, ,21,1,1,Australian,2,7,6,3,3,2,6,5,6,4,1,4,6,2,5,7,2,2,2,1,2,3,3,2,1,73.623,2,2,2,2,1,1,2,3,1,1,136.1, , , , , , , ,1,1,1,2,2,1,2,1, ,5,5,5,5,5,1,5,5,1,1,5,5
4,1, ,19,1,3,Iranian,1,6,6,2,5,1,5,7,6,6,2,6,6,2,4,6,1,1,1,2,2,1,1,1,1,304.35,3,4,3,3,2,2,3,2,1,1,281.921, , , , , , , ,4,2,1,3,3,3,3,3, ,3,5,4,5,4,2,5,5,2,2,4,4
5,1, ,18,0,1,Australian,2,4,5,3,3,4,5,5,4,5,1,4,4,3,2,5,1,1,1,0,1,0,0,0,1,305.043,2,1,1,0,0,1,1,0,1,1,296.295, , , , , , , ,3,0,0,1,0,0,1,1, ,4,2,3,4,4,2,4,4,2,3,4,4
6,1, ,20,0,1,Australian,2,4,5,2,3,2,5,5,2,5,2,5,5,4,4,5,1,1,1,0,0,0,0,0,1,305.414,2,2,2,1,1,2,1,0,1,1,284.304, , , , , , , ,2,2,1,0,0,1,1,1, ,4,4,4,4,4,2,4,4,2,3,4,3
7,1, ,22,1,5,Australian,2,5,6,1,4,7,6,6,6,4,1,5,6,2,4,7,0,1,0,0,0,0,0,0,1,306.07,3,4,2,1,1,1,0,0,1,1,416.705, , , , , , , ,0,0,0,0,0,0,0,0, ,3,4,4,4,2,2,2,4,4,2,3,3
8,1, ,22,0,1,Australian,2,5,5,1,2,3,7,6,5,4,4,2,6,3,4,5,0,0,0,2,0,0,0,1,1,306.647,1,1,0,0,0,0,0,0,1,1,284.994, , , , , , , ,0,0,0,0,0,0,0,0, ,3,5,5,5,5,1,5,5,1,1,5,5
9,1, ,18,0,2,Srilankan,1,6,5,3,2,6,5,4,5,5,3,5,4,3,3,4,1,1,1,0,0,0,1,0,1,306.79,0,1,1,1,0,0,1,0,1,1,283.069, , , , , , , ,0,0,0,0,0,0,0,0, ,2,4,4,4,3,2,4,4,2,2,4,4
10,1, ,20,0,2,Kazakh,1,5,4,2,4,3,4,5,4,4,3,3,4,4,4,4,0,0,0,0,0,0,0,0,1,309.417,1,2,2,0,0,1,0,0,1,1,299.761, , , , , , , ,1,0,0,0,0,0,0,0, ,3,4,3,4,3,2,4,4,3,2,3,3
11,1, ,18,0,1,Australian,1,6,6,2,2,3,6,5,5,6,2,5,5,2,1,5,0,0,1,1,1,0,1,0,1,310.233,1,1,1,0,1,0,1,0,1,1,307.029, , , , , , , ,0,1,1,1,0,0,1,0, ,2,2,2,4,2,4,2,2,4,4,2,2
12,1, ,19,0,1,Australian,1,6,6,2,2,3,6,5,5,6,1,3,5,3,3,4,0,0,0,0,0,0,0,0,1,310.299,2,3,1,1,1,1,0,0,1,1,297.186, , , , , , , ,1,0,1,0,0,0,0,0, ,4,2,4,4,2,2,4,4,2,2,4,2
13,1, ,19,1,1,Australian,1,7,4,4,2,4,5,6,6,7,4,3,6,3,5,6,0,0,0,2,2,0,1,2,1,310.537,2,1,1,2,2,0,1,1,1,1,296.011, , , , , , , ,1,2,1,1,1,0,1,2, ,4,5,5,5,4,2,4,5,2,2,4,2
14,1, ,18,1,3,Australian,1,5,5,4,4,2,4,5,3,4,2,4,4,4,2,4,0,0,0,0,0,0,0,0,1,310.762,1,2,2,1,1,2,2,1,1,1,281.633, , , , , , , ,1,1,0,0,0,0,0,0, ,3,4,3,4,5,1,4,3,3,1,5,4
15,1, ,18,1,1,Australian,1,5,5,4,2,3,5,4,4,4,2,4,3,4,1,1,0,0,0,0,0,0,0,0,1,311.053,1,1,0,0,0,0,0,0,1,1,282.381, , , , , , , ,0,0,0,0,0,1,0,0, ,2,2,2,2,2,3,2,3,4,3,2,2
16,1, ,24,1,5,American,2,4,5,3,2,2,5,5,4,4,3,4,4,3,3,4,0,0,0,0,1,0,0,0,1,311.441,0,1,0,0,1,0,0,0,1,1,299.583, , , , , , , ,0,0,0,0,0,0,0,0, ,2,2,2,4,2,4,4,4,4,4,2,2
17,1, ,21,1,5,Japanese-Australian,2,5,5,2,2,3,5,4,4,5,2,5,4,3,4,5,1,0,1,0,2,0,1,0,1,312.723,3,4,4,4,3,3,3,2,1,1,319.737, , , , , , , ,1,1,1,0,1,1,1,0, ,4,5,5,5,5,2,5,5,4,2,4,5
18,1, ,19,1,1,Australian,1,5,6,3,4,4,4,6,4,4,2,5,5,1,4,5,0,0,0,0,0,0,0,0,1,312.847,2,3,2,1,1,0,1,0,1,1,293.396, , , , , , , ,0,0,0,0,0,0,0,0, ,4,4,4,4,4,3,5,4,2,2,3,3
19,1, ,23,0,1,Australian,2,5,5,2,4,1,4,5,4,5,2,5,5,3,3,6,1,0,0,1,1,0,1,1,1,314.53,1,0,0,1,1,0,1,0,1,1,306.188, , , , , , , ,1,0,0,1,0,0,0,1, ,4,4,4,4,4,2,4,4,2,4,4,4
20,1, ,25,0,1,Australian,1,2,6,3,2,2,4,4,2,5,2,2,4,3,2,4,0,0,0,0,0,0,0,0,1,314.977,1,1,0,0,0,1,0,0,1,1,292.096, , , , , , , ,0,1,0,0,0,0,0,0, ,3,5,3,5,4,2,4,5,4,2,4,2
22,1, ,25,1,1,Australian,1,6,6,3,1,4,6,6,6,7,1,6,5,3,1,4,0,1,1,0,0,0,0,0,1,315.801,1,2,2,0,0,0,0,0,1,1,301.939, , , , , , , ,0,0,1,0,0,0,0,0, ,2,3,2,5,4,2,4,4,2,2,3,3
24,1, ,21,1,2,Australian,2,4,5,2,1,4,5,5,4,5,1,4,4,2,4,5,0,0,0,0,0,0,0,0,1,315.955,1,3,2,0,0,0,0,0,1,1,305.153, , , , , , , ,0,0,0,0,0,0,0,0, ,2,2,4,4,4,2,4,4,2,2,2,2
25,1, ,19,0,2,Australian,1,5,5,2,4,1,5,5,4,5,1,3,5,5,4,5,0,0,1,0,0,0,0,0,1,316.162,0,1,1,0,0,1,0,0,1,1,283.779, , , , , , , ,1,1,1,0,0,1,0,0, ,5,4,4,4,4,1,4,4,1,1,5,5
26,1, ,22,1,2,Chinese,1,7,5,2,6,4,7,7,6,6,2,6,6,2,5,7,0,0,1,0,0,0,0,0,1,316.575,3,3,3,4,3,3,4,2,1,1,299.77, , , , , , , ,2,1,2,2,2,1,1,0, ,4,4,4,4,5,2,4,4,2,2,4,4
27,1, ,22,1,1,Greek/Australian,2,6,6,2,2,2,6,6,5,4,1,5,6,2,4,6,1,1,1,1,2,0,1,0,1,317.07,3,3,2,0,0,0,0,0,1,1,308.423, , , , , , , ,1,1,1,0,1,0,0,0, ,4,4,3,4,4,2,4,4,2,2,4,4
29,1, ,21,0,2,New Zealand,1,7,7,1,1,1,6,6,6,7,2,4,6,3,4,7,2,1,0,1,0,0,1,0,1,317.907,1,2,1,0,0,0,1,0,1,1,282.659, , , , , , , ,0,0,0,0,0,0,0,0, ,4,5,4,4,4,2,4,4,4,2,4,3
31,1, ,18,0,1,Australian,1,5,4,2,2,4,4,5,5,5,3,3,6,3,2,5,0,0,1,0,1,0,0,0,1,318.627,1,2,1,0,0,0,0,0,1,1,290.328, , , , , , , ,0,0,0,0,0,0,0,0, ,4,4,4,4,4,2,5,4,2,1,3,3
32,1, ,18,1,1,Australian,1,6,6,4,3,2,7,5,5,6,2,6,4,2,4,4,0,0,0,0,1,0,0,0,1,319.525,0,1,0,0,0,0,0,0,1,1,295.442, , , , , , , ,1,0,0,0,0,1,0,0, ,2,3,2,2,4,3,4,4,3,2,2,3
33,1, ,20,0,1,Australian,1,7,7,2,1,4,6,6,6,6,2,5,5,2,1,7,1,0,1,0,0,0,1,0,1,320.133,1,2,1,0,0,0,0,0,1,1,297.276, , , , , , , ,1,0,1,0,0,0,0,0, ,4,4,5,4,4,2,1,4,2,2,4,2
34,1, ,18,1,1,Australian,1,7,4,1,1,1,7,6,6,7,2,6,7,1,4,6,1,0,0,0,0,0,0,0,1,321.127,4,4,3,1,1,3,1,1,1,1,299.178, , , , , , , ,0,0,0,0,3,0,0,0, ,4,4,4,5,3,2,4,4,2,1,4,4
35,1, ,21,1,2,Indian,1,6,5,2,2,3,6,5,4,5,2,6,3,4,3,4,2,2,1,2,1,1,1,2,1,322.838,2,4,3,1,1,1,2,1,1,1,334.105, , , , , , , ,1,2,2,1,1,1,2,1, ,4,5,4,5,4,2,4,4,2,3,4,3
36,1, ,20,1,2,Singaporean,1,4,4,3,3,2,5,5,5,5,3,4,4,4,2,4,1,1,1,1,1,1,1,1,1,322.966,2,2,1,1,1,1,1,1,1,1,302.517, , , , , , , ,1,1,1,1,1,1,1,1, ,4,4,4,4,4,2,4,4,2,2,4,4
37,1, ,21,0,5,Ecuadorian,1,6,5,1,2,1,7,6,5,6,2,4,7,2,2,7,0,0,1,1,0,0,0,0,1,323.275,2,1,1,0,1,0,0,0,1,1,282.943, , , , , , , ,1,1,0,0,1,0,0,0, ,1,2,3,3,2,2,3,4,4,4,3,1
38,1, ,18,1,1,South African,1,6,5,3,1,5,7,6,4,7,2,5,4,2,2,7,0,0,1,0,0,0,0,0,1,325.525,1,0,1,0,1,0,0,0,1,1,295.242, , , , , , , ,0,0,1,0,0,0,0,0, ,4,4,4,5,4,2,3,2,3,5,3,2
40,1, ,18,1,1,Australian,1,5,5,3,1,4,6,6,5,5,2,4,4,3,3,4,0,0,0,0,0,0,0,0,1,326.707,2,2,2,0,1,1,0,0,1,1,303.82, , , , , , , ,0,0,0,0,0,0,0,0, ,3,4,4,5,4,2,4,4,3,2,2,3
43,1, ,21,0,1,Australian,2,6,5,2,2,4,5,5,4,2,1,4,5,3,4,5,0,0,1,0,0,0,0,1,1,331.158,1,2,1,1,0,1,2,1,1,1,315.206, , , , , , , ,1,1,0,0,1,0,0,0, ,4,4,4,5,4,4,4,2,2,2,4,4
44,1, ,22,1,5,Australian,2,5,6,2,1,4,5,6,5,1,2,5,5,4,3,4,1,0,1,1,1,1,1,2,1,331.96,1,2,1,1,0,0,0,0,1,1,283.5, , , , , , , ,2,1,1,1,1,1,1,1, ,4,3,3,3,3,3,4,4,3,3,3,3
45,1, ,22,0,5,Ecuadorian,2,5,6,2,5,1,6,7,7,7,1,7,7,1,4,5,1,1,1,3,2,0,1,0,1,341.205,2,1,1,0,0,0,0,0,1,1,301.005, , , , , , , ,0,0,0,0,0,0,0,0, ,2,4,2,4,3,3,4,4,4,2,2,2
47,1, ,23,0,2,South Korean,1,4,5,3,2,5,5,5,5,4,3,2,5,2,4,5,1,2,2,1,1,1,1,1,1,346.909,2,3,2,2,1,1,1,2,1,1,298.394, , , , , , , ,2,2,2,2,2,1,1,1, ,4,4,3,2,2,4,4,2,4,4,2,2
48,1, ,18,1,2,Australian,1,6,6,4,5,3,6,5,4,6,2,6,4,5,2,6,0,0,0,0,0,0,0,0,1,352.408,2,2,2,1,1,1,1,1,1,1,294.221, , , , , , , ,0,0,0,0,0,0,0,0, ,2,3,2,4,3,3,4,4,3,2,2,2
49,1, ,19,1,1,Australian,1,5,6,2,1,4,5,6,5,5,1,4,5,2,1,4,2,0,0,1,1,0,0,0,1,378.096,3,4,3,0,0,0,0,0,1,1,296.747, , , , , , , ,0,0,0,0,0,0,0,0, ,4,4,4,4,4,2,4,4,2,2,4,4
50,1, ,18,0,1,Australian,2,6,4,2,3,4,5,5,6,7,3,6,5,3,2,5,2,2,2,2,1,1,2,2,1,457.767,2,2,2,2,2,2,2,2,1,1,282.056, , , , , , , ,2,2,2,2,2,1,2,2, ,5,5,5,5,5,2,5,5,2,2,5,5
51,1, ,21,0,1,Australian,2,5,5,3,3,4,5,5,4,5,3,4,4,4,3,5,1,1,0,1,1,0,0,0,1,631.768,1,1,2,0,0,1,0,0,1,1,321.745, , , , , , , ,1,1,0,0,0,0,0,0, ,4,4,4,3,3,3,4,4,3,3,2,4
52,1, ,20,0,1,Australian,2,6,6,2,1,1,6,6,5,7,1,4,5,2,2,6,1,0,0,0,1,0,0,1,1,198.72,1,2,2,0,0,1,0,0,2, , ,2,122.038, , , , , ,1,2,2,0,0,1,0,1, ,3,3,4,4,4,2,4,4,2,3,4,3
53,1, ,22,1,1,Australian,2,4,6,3,2,4,7,5,6,6,3,5,6,2,6,6,1,1,1,0,0,0,0,0,1,212.226,3,3,3,2,3,3,2,2,2, , ,2,34.985, , , , , ,3,3,3,3,3,3,2,2, ,5,4,4,4,4,2,4,4,2,2,5,4
55,1, ,22,0,1,Australian,1,5,5,2,1,2,4,4,5,3,2,4,4,1,1,4,0,0,0,0,0,0,0,0,1,302.395,0,0,0,0,0,0,0,0,2, , ,2,283.375, , , , , ,1,0,0,0,0,0,0,0,4,2,2,2,5,5,1,5,5,1,2,5,5
56,1, ,20,0,1,Aus,1,6,6,2,2,2,5,5,6,6,2,6,6,3,5,6,0,1,1,0,1,0,0,0,1,306.695,1,2,2,2,2,2,1,1,2, , ,2,292.991, , , , , ,1,1,1,1,1,0,1,0,4,4,4,4,4,3,4,4,4,4,3,3,3
57,1, ,18,0,1,Australian,1,6,6,2,2,2,6,6,6,2,2,6,6,2,2,4,0,0,0,0,0,0,0,0,1,306.807,1,1,0,1,2,1,0,0,2, , ,2,283.64, , , , , ,1,1,1,2,1,2,1,2,5,4,4,3,4,4,2,2,4,2,1,4,4
58,1, ,19,1,2,China,1,5,5,2,3,3,4,5,5,4,2,4,4,5,3,4,1,0,1,0,0,0,0,0,1,307.067,1,1,1,0,0,0,1,0,2, , ,2,294.626, , , , , ,1,1,0,0,0,0,0,0,4,4,3,3,4,4,2,4,4,3,2,3,3
59,1, ,23,1,1,Australian,2,6,6,2,1,2,5,5,6,6,1,5,5,1,5,5,0,0,0,0,0,0,0,0,1,307.835,2,3,1,1,0,0,1,0,2, , ,2,305.863, , , , , ,2,3,1,1,0,1,0,0,5,3,4,4,4,4,1,4,4,2,3,4,3
60,1, ,19,1,1,Australian,1,5,4,2,1,3,6,7,5,5,1,3,5,1,4,5,0,0,0,0,0,0,0,0,1,308.542,3,4,3,0,1,3,3,0,2, , ,2,295.674, , , , , ,1,1,1,0,0,2,0,0,4,4,4,4,4,3,3,2,4,2,2,4,1
61,1, ,23,0,1,Australian,2,4,4,3,4,2,4,4,4,4,1,4,4,3,2,4,0,0,0,0,0,0,0,0,1,309.426,3,3,3,1,2,1,1,0,2, , ,2,294.523, , , , , ,0,2,2,0,0,0,0,0, ,2,3,5,4,3,3,4,4,3,2,3,4
62,1, ,18,1,1,Australian,1,6,5,3,1,2,5,5,5,5,2,4,5,2,1,2,0,0,0,0,0,0,0,0,1,309.915,0,1,1,0,0,0,0,0,2, , ,2,281.569, , , , , ,1,0,0,0,1,0,0,0,4,4,4,3,3,4,3,4,4,3,3,3,4
63,1, ,18,0,1,Australian,1,6,6,3,1,4,5,6,5,4,3,4,6,1,4,5,1,0,0,1,1,0,0,0,1,310.548,3,4,3,2,1,0,0,0,2, , ,2,280.749, , , , , ,3,3,4,3,3,3,2,1,5,4,4,4,4,4,2,4,5,2,1,4,3
64,1, ,20,1,1,Australian,2,2,4,7,4,3,5,5,4,5,4,4,3,5,2,4,0,0,0,1,1,0,1,2,1,310.735,1,1,1,2,1,1,2,2,2, , ,2,299.972, , , , , ,1,1,0,0,0,0,1,1,4,4,4,4,5,4,2,4,4,2,2,4,4
65,1, ,18,0,1,English,1,5,6,2,2,2,5,5,5,5,2,4,5,3,2,4,1,0,0,0,0,0,0,0,1,310.812,2,3,2,1,2,1,2,1,2, , ,2,297.441, , , , , ,2,3,3,3,3,2,3,3,5,3,2,2,4,4,2,4,4,2,3,4,4
66,1, ,20,1,1,Australian,2,4,5,5,2,2,4,5,4,3,1,6,4,3,2,5,2,1,2,0,1,0,0,0,1,311.237,3,2,2,0,1,1,0,0,2, , ,2,155.897, , , , , ,3,3,3,1,1,0,0,0, ,4,2,4,4,4,2,3,3,2,1,2,3
67,1, ,19,1,1,Australian,1,5,5,3,4,3,5,4,5,4,2,4,5,6,3,6,0,0,1,0,0,1,0,0,1,311.365,1,2,1,0,0,1,0,0,2, , ,2,293.09, , , , , ,0,0,1,0,0,0,0,0,4,4,4,4,4,5,1,4,4,1,1,4,4
70,1, ,19,1,2,Hong Kong,1,5,7,1,3,6,7,7,4,4,4,5,4,4,6,6,0,0,0,0,0,0,0,0,1,313.936,2,3,2,1,1,2,1,1,2, , ,2,285.074, , , , , ,1,2,1,0,0,0,0,0,4,2,3,5,4,3,2,5,5,3,1,3,4
71,1, ,18,1,1,Australian,2,7,5,2,2,2,5,6,5,5,2,5,7,2,4,5,0,1,0,1,0,0,0,0,1,314.358,3,4,1,0,1,2,0,1,2, , ,2,474.857, , , , , ,0,1,0,0,0,0,1,0,2,5,5,5,5,5,2,4,4,2,2,4,4
72,1, ,18,0,1,Australia,1,6,5,2,3,4,5,5,5,6,4,5,5,3,6,5,0,0,0,0,0,0,1,0,1,314.407,1,2,2,1,2,1,2,0,2, , ,2,299.138, , , , , ,2,2,3,2,2,1,2,0,4,4,4,4,4,4,2,5,4,2,3,4,4
73,1, ,24,1,1,Australian,2,7,5,2,1,1,6,6,6,6,1,6,6,1,4,5,0,0,0,0,0,0,0,0,1,314.416,2,2,2,1,1,1,2,1,2, , ,2,282.135, , , , , ,0,0,0,0,0,0,0,0,4,1,4,4,4,4,1,4,5,4,3,4,1
74,1, ,21,0,2,Australian,1,4,5,2,1,2,4,4,4,2,1,4,5,3,1,4,1,0,0,0,0,0,0,0,1,314.587,1,2,1,0,0,0,1,0,2, , ,2,289.897, , , , , ,1,1,1,0,1,0,0,0,4,3,5,4,5,5,1,5,5,2,2,3,4
75,1, ,23,1,1,Norwegian,1,7,6,1,1,3,7,6,6,4,2,5,5,2,4,6,0,0,0,0,1,0,0,0,1,314.849,0,1,1,0,0,0,0,0,2, , ,2,301.694, , , , , ,0,1,1,0,0,0,0,0,4,4,4,4,4,4,2,4,4,2,3,4,4
76,1, ,23,1,1,French,1,4,6,3,2,2,6,5,4,3,1,5,3,2,1,4,0,0,0,0,0,0,0,0,1,315.924,2,1,1,0,1,0,0,0,2, , ,2,294.786, , , , , ,0,1,2,0,0,0,0,0,4,2,2,4,3,1,4,3,4,4,4,2,2
77,1, ,21,1,1,Australian,2,6,6,2,4,5,7,4,4,2,1,6,5,3,4,6,4,2,3,2,4,1,4,3,1,317.881,4,4,3,4,2,2,3,3,2, , ,2,297.72, , , , , ,4,2,2,2,3,2,3,2,4,5,5,5,5,5,1,5,5,1,1,5,5
78,1, ,20,1,1,Australian,1,4,5,2,2,2,5,4,3,5,2,5,4,2,2,2,0,0,0,0,0,0,0,0,1,320.207,1,1,1,0,0,0,0,0,2, , ,2,283.423, , , , , ,1,1,1,1,0,0,0,0,3,4,4,4,4,4,2,4,4,2,2,4,4
79,1, ,25,1,1,Australia,1,4,5,1,3,4,6,4,5,4,3,5,4,4,5,7,1,0,0,0,1,0,0,0,1,320.385,4,4,0,0,0,1,0,0,2, , ,2,294.869, , , , , ,1,1,0,0,0,0,0,0,3,4,3,5,5,4,4,3,4,2,2,4,3
80,1, ,18,1,2,thai,1,6,5,4,5,5,6,6,5,5,4,2,4,3,3,3,0,0,1,0,0,0,0,0,1,321.361,2,2,1,1,2,1,3,0,2, , ,2,292.309, , , , , ,0,1,1,0,1,0,0,0,4,4,4,5,5,4,2,4,5,2,2,4,4
82,1, ,22,1,1,australian,1,6,4,2,2,5,4,6,5,4,2,4,4,3,2,4,1,0,0,1,1,0,0,0,1,321.572,2,3,2,1,1,1,1,0,2, , ,2,298.645, , , , , ,0,0,1,0,0,0,0,0,3,3,2,4,2,2,4,3,4,4,3,2,2
83,1, ,21,1,1,Australian,2,7,5,1,1,4,7,6,6,7,2,7,5,2,2,5,0,0,0,0,0,0,0,0,1,321.74,0,0,0,0,0,0,0,0,2, , ,2,302.369, , , , , ,0,0,1,0,0,0,0,0, ,4,5,5,5,5,1,5,5,5,1,5,5
84,1, ,18,0,1,Australian,1,6,6,2,2,2,7,6,6,4,3,5,4,2,2,4,1,1,1,1,1,1,1,1,1,322.986,1,1,2,2,2,2,1,2,2, , ,2,294.006, , , , , ,2,2,1,2,1,1,2,2,4,3,4,4,3,4,2,4,4,2,3,3,3
85,1, ,21,1,1,Ecuadorian,1,6,6,2,2,2,6,6,6,6,2,7,6,3,2,6,2,1,1,1,0,0,1,1,1,323.22,3,3,2,1,1,0,1,1,2, , ,2,296.09, , , , , ,2,2,2,1,0,0,1,1,4,2,4,4,4,4,2,4,4,3,2,3,4
86,1, ,18,1,2,South Korean,1,6,7,1,4,4,7,6,7,7,2,4,7,4,6,6,0,0,1,0,0,0,0,0,1,325.876,1,3,2,1,0,0,1,1,2, , ,2,296.95, , , , , ,1,1,2,1,2,0,2,1,4,3,4,4,4,5,1,4,5,1,4,4,2
87,1, ,18,1,2,Chinese,1,7,5,3,4,4,5,5,5,5,4,3,4,4,3,5,0,0,0,0,0,0,0,0,1,326.122,1,2,1,1,0,1,0,0,2, , ,2,299.98, , , , , ,1,1,2,0,0,0,0,0,4,4,4,4,4,3,2,4,5,4,2,2,2
88,1, ,21,1,2,Chinese,1,4,7,2,6,1,7,7,7,7,1,5,7,2,4,7,0,0,0,0,0,0,0,0,1,326.655,1,3,0,1,1,0,1,0,2, , ,2,293.548, , , , , ,1,2,2,0,0,0,0,0,4,4,4,4,4,3,2,4,4,2,2,4,3
89,1, ,19,1,1,Australian-British,1,6,5,2,1,4,7,5,5,5,2,5,4,1,5,3,2,2,2,3,3,3,1,0,1,330.739,2,1,0,0,1,1,0,0,2, , ,2,281.662, , , , , ,1,1,0,0,0,1,0,0,4,3,4,5,5,5,1,5,5,1,1,4,4
90,1, ,21,0,1,Australian,1,6,5,3,7,2,5,5,5,5,2,4,4,3,2,4,1,0,0,0,1,1,0,0,1,331.442,1,1,1,0,0,0,0,0,2, , ,2,296.448, , , , , ,2,0,1,0,1,0,0,0,5,2,2,2,3,3,3,3,4,3,2,2,2
91,1, ,18,1,1,Australian,1,4,4,3,2,5,5,5,5,5,4,4,4,4,2,5,1,0,2,2,2,0,1,1,1,332.029,2,2,2,2,2,1,3,1,2, , ,2,292.733, , , , , ,1,1,2,1,1,1,1,1,3,4,5,4,5,5,2,5,4,2,1,4,5
92,1, ,19,1,2,Bruneian,1,5,4,2,2,4,4,4,4,4,3,4,4,4,3,3,0,0,1,1,1,0,1,1,1,334.468,3,3,2,1,1,1,1,1,2, , ,2,290.766, , , , , ,1,0,1,1,0,0,1,1,4,4,3,3,4,4,2,4,4,2,2,3,4
93,1, ,19,1,1,Australian,1,6,6,3,2,2,6,5,5,5,2,5,5,4,4,4,1,0,0,0,1,1,0,0,1,344.706,3,3,3,3,3,3,3,2,2, , ,2,294.844, , , , , ,1,1,1,1,1,1,1,1,4,4,4,4,4,4,2,5,4,4,2,4,4
95,1, ,21,0,1,Australian,2,5,6,2,4,3,6,5,5,7,2,5,6,2,1,5,1,0,0,1,1,0,0,2,1,351.043,2,3,2,0,0,1,0,0,2, , ,2,304.164, , , , , ,1,2,1,0,0,1,0,0,4,5,5,4,5,4,3,4,5,2,3,2,3
96,1, ,25,0,1,Aus,2,2,4,3,3,4,4,3,3,4,4,2,3,4,2,4,3,3,3,4,2,4,3,4,1,351.449,3,3,3,4,3,4,3,4,2, , ,2,409.203, , , , , ,4,4,3,4,3,4,4,4,3,4,4,4,4,3,3,4,3,3,2,3,4
97,1, ,18,0,1,Australian,1,5,5,3,2,3,4,6,3,4,2,3,4,3,1,4,0,0,0,0,1,0,0,0,1,362.095,1,2,1,0,0,1,1,0,2, , ,2,295.313, , , , , ,1,1,1,0,0,0,1,0,4,2,4,4,4,2,3,4,4,2,2,3,2
98,1, ,21,0,1,Australian,2,4,5,3,2,2,4,5,2,1,2,2,3,2,1,4,1,0,0,0,0,0,0,0,1,383.973,1,1,0,0,1,1,0,0,2, , ,2,306.117, , , , , ,0,0,2,1,1,1,1,0, ,3,2,2,2,3,3,2,4,2,4,3,2
99,1, ,23,0,1,Australian,2,4,5,6,1,4,4,5,4,5,1,2,5,2,2,5,1,0,0,1,1,0,0,1,1,411.406,1,1,0,0,1,0,0,1,2, , ,2,297.191, , , , , ,1,0,0,0,1,0,0,1, ,2,4,3,2,2,3,3,3,3,3,4,3
103,1, ,18,0,1,Australian,2,4,6,3,5,2,4,6,5,6,1,5,5,3,4,5,0,0,1,0,0,0,0,1,1,298.991,1,1,1,1,0,0,0,0,3, , , , ,3,1,285.02,Your Song - Elton John,Hotel California - Eagles,0,0,0,0,0,0,0,0,2,4,4,3,4,3,2,4,4,2,4,2,3
104,1, ,20,1,2,Chinese,1,6,6,3,4,5,5,6,4,5,2,5,5,6,4,5,1,1,1,2,2,1,1,1,1,302.27,3,3,3,3,3,2,2,3,3, , , , ,3,1,284.98,/,/,3,3,3,3,2,2,3,3,4,4,4,4,4,5,4,3,3,4,4,3,4
105,1, ,22,1,2,china,1,7,6,1,6,5,5,6,6,2,2,4,5,3,2,2,3,2,2,2,1,1,1,1,1,305.139,3,3,3,3,3,3,3,3,3, , , , ,3,1,284.999,Good boy-Bigbang,We like 2 party-Bigbang,0,0,0,0,0,0,0,0,2,4,4,4,2,4,2,2,4,4,3,3,3
106,1, ,18,0,1,Australian,1,5,7,3,2,6,5,7,6,6,2,5,4,2,2,6,0,0,0,1,1,0,1,0,1,305.176,1,2,1,0,1,1,0,0,3, , , , ,3,1,284.936,One more time- Daft Punk,CHVRCHES- Leave a trace,1,0,0,0,1,0,0,0,2,4,5,5,5,5,2,4,4,2,2,3,1
107,1, ,20,1,1,Australian,1,6,6,1,1,4,7,6,6,6,1,7,5,2,4,6,3,1,3,0,3,0,0,2,1,308.182,2,4,3,3,3,2,2,2,3, , , , ,3,1,284.993,Bullshit - Dune Rats, ,3,3,3,2,2,3,2,2,2,4,5,5,5,4,1,5,5,1,1,4,5
108,1, ,21,1,1,Australian,1,4,6,4,1,2,5,6,5,6,2,4,5,2,2,2,1,0,1,0,0,0,0,0,1,308.569,1,2,1,0,0,0,0,0,3, , , , ,3,1,285.002,Landslide - Fleetwood Mac,St Jude - Florence & The Machine,1,0,1,0,0,0,0,0,2,4,5,4,4,4,2,4,4,2,2,2,4
110,1, ,20,0,1,Australian,1,6,4,1,4,4,6,6,6,6,3,6,4,2,4,5,1,1,0,0,0,0,1,0,1,309.414,1,2,2,1,1,0,1,0,3, , , , ,3,1,285.007,Lullaby - Cat Empire, ,0,0,0,0,0,0,0,0,1,4,4,4,4,4,2,4,5,2,2,4,3
112,1, ,21,1,1,Australian,2,7,6,1,1,4,5,5,5,5,2,4,5,2,5,6,0,0,0,0,0,0,0,0,1,309.883,2,3,1,1,1,0,1,0,3, , , , ,3,1,283.326,Stay Up Late - Talking Heads,Crocodiles - Echo and The Bunnymen,0,0,0,0,0,0,0,0,2,1,2,4,4,4,3,3,3,2,3,3,2
113,1, ,20,1,1,Australian,2,5,5,2,1,4,6,6,6,5,2,4,5,3,4,6,0,0,0,0,0,0,0,0,1,310.021,3,3,3,2,2,4,2,1,3, , , , ,3,1,285.18,Daydreaming- Radiohead,Decks Dark- Radiohead,2,2,3,0,1,1,0,0,4,4,4,4,4,4,2,4,4,4,1,4,3
114,1, ,21,0,1,Australian,2,4,5,3,2,4,6,4,4,6,2,2,3,2,1,4,0,0,0,0,0,0,0,0,1,310.655,0,0,0,0,0,0,0,0,3, , , , ,3,1,285.004,Rebirth - Atlanta Awaits,Awake - Mutiny Within,0,0,0,0,0,0,0,0,1,3,3,3,4,4,2,4,4,3,4,3,2
115,1, ,21,0,1,Australian,2,7,7,1,1,4,7,6,4,5,2,5,4,2,5,7,3,3,1,1,4,0,2,0,1,311.065,3,3,2,2,3,0,1,0,3, , , , ,3,1,31.237,Nothing But The Blood - All Sons & Daughters,Little Do You Know - Alex & Sierra,2,1,0,0,2,0,0,0,4,4,4,5,5,5,2,5,4,2,3,3,5
116,1, ,20,1,5,Australian,1,6,6,2,1,1,5,7,6,2,1,4,6,1,4,5,0,0,0,0,0,0,0,0,1,311.131,1,1,1,0,0,0,1,0,3, , , , ,3,1,285.009,Arsonists Lullaby- Hozier, ,1,1,1,0,0,0,0,0,3,4,4,4,4,4,2,4,4,2,3,4,3
117,1, ,19,1,1,USA,1,5,6,3,2,3,5,5,5,5,3,5,5,4,5,5,1,1,1,0,0,0,0,0,1,311.316,2,3,2,1,2,1,1,0,3, , , , ,3,1,285.023,Fast Car - Tracy Chapman,Fred Astaire - San Cisco,1,1,0,0,0,0,0,0,2,5,4,4,4,4,2,4,4,2,2,4,3
118,1, ,19,1,2,Australian,2,5,6,4,3,3,7,4,5,6,3,5,3,4,2,6,0,0,0,0,1,0,0,0,1,312.143,2,2,1,1,0,0,1,0,3, , , , ,3,1,285.004,Butterfly - Jason Mraz,Kimi no Shiranai Monogatari (Piano ver.) - Supercell,0,0,0,0,0,0,0,0,2,4,4,4,4,4,2,4,4,2,2,5,3
119,1, ,19,0,1, ,1,5,5,2,2,3,5,5,5,4,2,4,5,3,2,3,0,0,0,0,0,0,0,0,1,314.146,2,1,1,0,0,0,0,0,3, , , , ,3,1,285.019,Say it - Flume, ,0,0,0,0,0,0,0,0,2,3,2,2,2,2,4,2,3,3,3,2,2
121,1, ,21,1,2,Singaporean,1,5,6,3,2,5,7,4,5,3,2,6,4,3,2,7,0,0,1,0,0,0,0,0,1,314.461,2,2,1,0,0,0,1,0,3, , , , ,3,1,285.004,No Promises-Shayne Ward, ,1,1,2,0,0,0,0,0,4,2,4,3,5,3,3,4,4,4,4,3,1
122,1, ,22,1,1,Australian,1,5,5,3,2,4,4,5,4,4,2,2,4,3,4,5,1,1,1,1,2,1,2,1,1,314.47,1,1,0,1,1,0,0,1,3, , , , ,3,1,284.99,Keep the Streets Empty For Me - Fever Ray, ,1,1,0,0,0,0,0,0,3,4,4,5,5,5,2,4,4,3,1,4,4
124,1, ,20,0,2,Sri Lankan,1,4,4,1,4,4,4,4,4,4,2,4,4,2,2,4,1,0,2,0,1,1,0,0,1,317.353,1,1,1,0,0,1,0,0,3, , , , ,3,1,284.992,Dani California - Red Hot Chili Peppers, ,0,0,1,0,0,0,0,0,2,2,3,3,2,2,4,2,4,4,3,2,2
125,1, ,19,1,2,Australian,2,3,4,4,5,2,5,4,4,3,2,4,4,4,1,4,0,0,0,1,1,0,0,1,1,317.67,0,2,2,0,0,0,0,0,3, , , , ,3,1,285.06,Lean On (cover) - Christina Grimmie,Counting stars (cover) - Christina Grimmie,0,1,1,0,0,0,0,0,2,3,5,4,4,4,2,4,4,2,1,4,3
126,1, ,21,1,1,Australian,2,5,5,2,1,4,6,4,5,4,2,4,4,1,4,5,1,1,1,1,2,0,0,1,1,318.879,1,2,1,1,1,2,1,0,3, , , , ,3,1,285.031,Never stop - safety suit,Never stop - Wedding Version Cover,1,1,0,0,0,0,0,0,3,5,5,5,5,5,1,5,5,1,2,5,5
127,1, ,18,0,1,australian,1,6,6,2,1,2,5,6,6,3,1,4,4,2,1,4,0,0,0,0,0,0,0,0,1,319.501,3,3,3,1,3,2,2,1,3, , , , ,3,1,284.991,ADHD- Kendrick lamar,Bitch dont kill my vibe - kendrick lamar,2,2,2,1,2,2,0,0,3,1,4,2,5,4,3,4,4,2,4,4,4
128,1, ,23,1,5,Australian,2,7,6,2,4,4,6,6,6,5,2,2,6,4,2,4,2,2,2,2,2,2,2,2,1,319.829,3,3,3,2,2,2,2,2,3, , , , ,3,1,285.031,Find me - Hyosung,I am the best - 2ne1,2,2,2,2,2,2,2,2,3,5,5,5,5,5,1,5,5,1,1,5,5
130,1, ,18,0,1,Australian,1,6,6,3,2,3,5,5,5,6,2,5,4,4,4,5,1,0,0,0,1,1,0,1,1,322.232,1,2,1,1,1,1,0,1,3, , , , ,3,1,285.025,Run - Leona Lewis, ,1,2,1,0,0,0,0,1,4,4,4,4,5,4,2,3,4,2,2,3,3
132,1, ,19,1,1,Australian,1,6,4,1,1,4,7,5,5,5,1,5,5,1,5,7,0,0,0,0,1,0,0,0,1,322.608,4,4,4,3,3,4,3,0,3, , , , ,3,1,285.049,I'm not the only one- Sam Smith,Pictures of You- The Cure,3,3,4,2,3,3,3,0,5,4,4,4,4,4,2,4,4,2,1,4,4
133,1, ,18,1,5,Australian,1,6,7,2,1,2,6,6,6,4,1,6,3,1,3,5,1,0,0,0,1,0,0,0,1,323.535,2,2,2,0,1,0,1,0,3, , , , ,3,1,285.021,Jellyfish - Ocean Alley, ,0,0,0,0,0,0,0,0,2,2,4,4,4,4,2,4,4,2,2,4,3
134,1, ,19,0,1,Australian,1,4,5,3,4,3,4,5,4,5,3,2,5,3,2,4,0,0,0,0,0,0,0,0,1,324.152,1,1,1,0,0,0,1,0,3, , , , ,3,1,285.044,The Buzz - Hermitude,Jimmy Recard - Drapht,0,0,0,0,0,0,0,0,2,3,2,2,2,3,3,4,4,2,3,3,3
135,1, ,21,1,2,Malaysian,1,4,6,3,2,1,4,7,7,4,1,3,6,4,2,4,2,2,3,2,2,0,2,2,1,324.484,3,3,3,3,3,2,3,2,3, , , , ,3,1,283.334,7 years - Lukas Graham,One Call Away - Charlie Puth,2,1,1,0,0,0,0,0,3,2,4,4,4,4,2,4,4,2,2,2,4
136,1, ,18,1,1,Australian,1,6,5,1,1,1,7,5,6,6,2,5,7,2,6,7,1,1,2,0,1,2,0,0,1,325.958,1,0,1,0,0,1,1,0,3, , , , ,3,1,284.11,Great Are You Lord - Casting Crowns,Live You're Loved - Hawk Nelson,0,0,1,0,0,1,0,0,3,4,4,3,2,4,2,3,5,1,2,4,3
137,1, ,18,0,1,Australian,1,7,6,2,2,2,7,6,5,6,1,6,6,2,4,6,0,0,0,1,1,0,2,0,1,326.214,0,3,1,2,1,0,2,0,3, , , , ,3,1,285.007,The Fault in our Stars - Troye Sivan,Someday soon - the trouble with templeton,0,2,1,0,0,0,1,0,5,4,4,4,3,5,3,4,4,2,1,5,4
138,1, ,19,1,2,Singaporean,1,4,5,4,1,2,5,5,4,3,1,4,6,6,1,3,0,0,0,0,0,0,0,0,1,326.615,0,2,1,0,0,1,0,0,3, , , , ,3,1,285.373,Ain't Your Mama - Jennifer Lopez, ,0,0,0,0,0,0,0,0,1,4,5,4,5,5,2,4,5,2,2,4,3
139,1, ,18,1,1,Australian,1,6,5,3,2,3,5,6,5,5,3,4,4,3,4,4,0,0,0,0,0,0,0,0,1,327.973,1,2,2,1,1,1,2,1,3, , , , ,3,1,285.018,Where You're At - Allen Stone, ,1,2,2,1,1,1,1,0,3,4,5,5,4,4,2,4,4,2,1,3,5
140,1, ,20,1,2,Malaysian,1,5,4,1,4,3,6,5,7,5,1,4,7,2,7,7,1,1,1,0,0,0,0,0,1,328.053,3,3,3,0,1,1,0,0,3, , , , ,3,1,285.021,2am - Anna Nalick,Chasing Cars - Snow patrol,1,1,1,1,0,0,0,0,4,3,3,3,4,2,3,3,3,3,1,1,3
141,1, ,22,1,1,Australian,2,6,6,4,2,2,5,6,5,5,1,4,6,2,3,4,2,2,2,1,2,1,1,2,1,328.381,3,4,3,3,2,4,2,2,3, , , , ,3,1,284.992,"Me at the Museum, and You in the Wintergarden - Tiny Ruins",Straw Into Gold - Tiny Ruins,2,3,3,1,1,1,1,1,4,5,4,5,5,4,2,4,4,2,2,4,4
142,1, ,18,1,2,vietnamese,1,7,7,1,6,7,7,7,7,7,1,7,7,1,7,7,0,0,0,0,0,0,0,0,1,330.499,0,0,0,0,0,0,0,0,3, , , , ,3,1,285.018,I love you-Little Mix,Bed Rock-Young Money,0,0,0,0,0,0,0,0,1,1,1,1,5,5,1,3,3,3,5,3,5
143,1, ,18,0,5,Greek,1,5,5,3,2,3,5,6,6,6,2,4,5,3,2,5,0,0,0,0,0,0,0,0,1,335.311,3,3,3,3,3,3,3,2,3, , , , ,3,1,285.019,Chasing Cars - Snow Patrol, ,1,1,1,1,1,1,1,1,4,2,4,4,4,4,4,4,4,2,3,3,3
144,1, ,20,0,1,Australian,2,5,4,2,4,4,5,6,3,7,1,2,5,2,4,5,2,2,2,3,3,1,2,3,1,335.714,2,3,2,2,2,1,1,1,3, , , , ,3,1,285.051,Breathing in Stereo - Modern Baseball,What if - Modern Baseball,2,2,1,1,3,2,2,2,3,4,4,5,5,5,1,4,4,1,1,4,5
145,1, ,19,1,1,French,1,5,5,2,1,3,6,6,5,6,2,5,5,4,3,5,0,1,1,0,0,0,0,0,1,335.869,2,1,1,0,0,0,0,0,3, , , , ,3,1,284.992,En Cavale - Pomme, ,2,2,2,0,1,0,0,0,4,2,4,3,4,3,2,4,3,4,2,4,2
147,1, ,21,0,1,Australian,1,3,4,2,2,4,5,4,4,5,3,2,4,4,1,4,0,1,0,0,0,1,0,0,1,340.509,0,1,0,0,0,1,0,0,3, , , , ,3,1,285.021,O Fortuna - Seiji Ozawa,Fortune Plango Vulnera - Seiji Ozawa,0,1,0,0,0,1,0,0,3,2,4,4,4,4,3,2,2,3,3,2,3
148,1, ,20,0,2,Hong Kong,1,7,7,3,5,5,7,7,6,7,2,7,6,2,5,7,0,0,0,0,0,0,0,0,1,347.359,3,4,3,2,1,3,4,1,3, , , , ,3,1,285.71,Madness - Muse, ,1,1,1,0,0,1,0,0,3,2,4,5,4,2,2,5,4,3,5,4,2
149,1, ,19,1,1,Australian,2,7,7,3,5,3,6,5,5,6,2,5,5,3,4,5,0,0,0,0,0,0,0,0,1,348.85,1,1,1,0,1,1,1,0,3, , , , ,3,1,285.015,Black Dress - Kisschasy, ,1,1,2,0,0,0,0,0,5,4,5,4,5,4,2,4,4,2,4,4,4
150,1, ,20,0,1,Australian,1,6,5,3,2,4,4,4,5,5,3,5,5,2,1,5,3,2,2,2,1,1,1,1,1,352.472,1,1,2,0,0,1,0,1,3, , , , ,3,1,285.023,Holy Roller - Thao,Eventually - Tame Impala,1,0,1,0,1,0,0,1,3,4,2,4,4,4,2,4,4,2,1,3,4
151,1, ,20,1,1,Australian,2,5,6,3,2,2,6,7,6,6,2,6,7,3,4,5,1,0,0,1,1,1,0,0,1,426.714,1,1,1,1,1,0,1,1,3, , , , ,3,1,283,Holocene - Bon Iver, ,0,1,0,0,0,0,0,1,3,4,4,4,4,4,2,4,5,2,4,4,4